--
-- PostgreSQL database dump
--

-- Dumped from database version 10.1
-- Dumped by pg_dump version 10.1

SET statement_timeout = 0;
SET lock_timeout = 0;
SET idle_in_transaction_session_timeout = 0;
SET client_encoding = 'UTF8';
SET standard_conforming_strings = on;
SET check_function_bodies = false;
SET client_min_messages = warning;
SET row_security = off;

--
-- Name: plpgsql; Type: EXTENSION; Schema: -; Owner: 
--

CREATE EXTENSION IF NOT EXISTS plpgsql WITH SCHEMA pg_catalog;


--
-- Name: EXTENSION plpgsql; Type: COMMENT; Schema: -; Owner: 
--

COMMENT ON EXTENSION plpgsql IS 'PL/pgSQL procedural language';


SET search_path = public, pg_catalog;

SET default_tablespace = '';

SET default_with_oids = false;

--
-- Name: lang_repo; Type: TABLE; Schema: public; Owner: simple
--

CREATE TABLE lang_repo (
    lang_id integer NOT NULL,
    repo_id integer NOT NULL
);


ALTER TABLE lang_repo OWNER TO simple;

--
-- Name: languages; Type: TABLE; Schema: public; Owner: simple
--

CREATE TABLE languages (
    id integer NOT NULL,
    name text
);


ALTER TABLE languages OWNER TO simple;

--
-- Name: languages_id_seq; Type: SEQUENCE; Schema: public; Owner: simple
--

CREATE SEQUENCE languages_id_seq
    AS integer
    START WITH 1
    INCREMENT BY 1
    NO MINVALUE
    NO MAXVALUE
    CACHE 1;


ALTER TABLE languages_id_seq OWNER TO simple;

--
-- Name: languages_id_seq; Type: SEQUENCE OWNED BY; Schema: public; Owner: simple
--

ALTER SEQUENCE languages_id_seq OWNED BY languages.id;


--
-- Name: repositories; Type: TABLE; Schema: public; Owner: simple
--

CREATE TABLE repositories (
    id bigint NOT NULL,
    name text NOT NULL,
    link text NOT NULL,
    created timestamp without time zone NOT NULL,
    updated timestamp without time zone,
    pushed timestamp without time zone,
    stars integer DEFAULT 0 NOT NULL,
    forks integer DEFAULT 0 NOT NULL,
    owner bigint
);


ALTER TABLE repositories OWNER TO simple;

--
-- Name: users; Type: TABLE; Schema: public; Owner: simple
--

CREATE TABLE users (
    id bigint NOT NULL,
    login text NOT NULL
);


ALTER TABLE users OWNER TO simple;

--
-- Name: languages id; Type: DEFAULT; Schema: public; Owner: simple
--

ALTER TABLE ONLY languages ALTER COLUMN id SET DEFAULT nextval('languages_id_seq'::regclass);


--
-- Data for Name: lang_repo; Type: TABLE DATA; Schema: public; Owner: simple
--

COPY lang_repo (lang_id, repo_id) FROM stdin;
4	26899533
1	26899533
1	17358646
16	17358646
4	17358646
4	29941343
9	29941343
6	29941343
16	29941343
15	29941343
6	330651
8	330651
30	444244
6	204457
1	6664329
6	6664329
6	144
99	128373
99	54515
99	143281
30	19398
6	19398
99	135769
30	30322
6	3010
8	3010
30	3010
9	3010
99	189157
40	1602
30	204419
6	204419
6	326535
7	326535
2	326535
6	128616
6	1015
99	70276
99	53286
99	173084
6	58173
6	61
6	28
8	28
4	28
1	28
100	28
9	28
15	818161
6	1
6	1963678
3	1963678
9	1963678
1	1963678
1	1861402
3	1861402
11	1861402
22	1861402
23	1861402
15	1861402
38	1861402
26	1861402
2	1861402
19	1861402
5	1861402
16	1861402
7	1861402
6	1861402
10	1861402
6	3594
6	36
1	36
6	230
6	12641
6	4180
9	4180
6	15939
99	288271
6	93
6	3591
20	45193
6	12527
6	270226
9	270226
1	270226
20	550681
101	550681
6	388149
11	12220
1	18570642
4	18570642
99	91988
1	628288
3	628288
6	2448060
1	2448060
99	5171653
6	1336779
1	1336779
99	69384
20	43903
6	43903
6	2998404
16	1167457
9	1167457
6	35
1	35
1	425
1	5211331
16	5211331
6	3596
6	4061
6	112071
1	112071
6	592
99	5281804
99	13163
6	561202
1	590
6	590
6	13727
1	13727
6	1119731
6	911701
6	3092609
99	591370
99	18471501
6	577073
6	14129810
6	578427
6	842499
99	53125
16	43278408
34	86851893
12	86851893
6	14327
6	191712
1	191712
8	191712
2	191712
6	13535854
1	49158298
100	49158298
99	244703
99	1912104
99	21256790
4	21112934
6	21112934
1	21112934
6	773625
28	21112162
6	2092604
8	2092604
102	2092604
9	2092604
28	27060736
1	27060736
4	27060736
9	27060736
1	13612476
4	13612476
6	66164
6	20035139
1	31398393
100	31398393
1	2583956
1	54947532
4	54947532
6	5282
8	131
6	131
6	118801
6	158501
6	277593
6	1104253
40	1104253
6	27148
99	1103712
99	5226605
15	1363875
8	1363875
9	1363875
6	14497
1	14497
6	5964
6	1099441
99	112754
99	108340
6	455782
99	156717
6	3717526
8	1357116
6	1357116
15	1357116
9	1357116
7	1357116
99	4983331
6	1740408
1	1740408
30	1740408
9	1740408
6	1742412
1	18482177
14	26449033
99	6681965
99	19782581
1	101022
6	101022
99	4875704
6	9051
6	1124294
1	1124294
9	1124294
3	1124294
15	1124294
6	1762403
14	27444944
9	27444944
23	908817
23	906305
6	1589365
1	1589365
1	2137285
6	2137285
5	2137285
3	2314912
99	1661719
20	84563
6	107843
99	2759816
6	476881
20	59375
14	53301806
8	53301806
14	36110636
9	36110636
6	3814699
6	56174118
4	56174118
100	56174118
1	56174118
16	56174118
6	1574968
14	27151251
101	27151251
9	27151251
99	3382377
6	1141863
102	1141863
1	50541962
100	50541962
4	50541962
3	50541962
9	50541962
20	50541962
103	50541962
8	1852983
6	1852983
6	4219286
14	12006301
4	12006301
3	12006301
9	12006301
6	12006301
1	12006301
15	12006301
14	12228164
4	42219753
100	42219753
6	42219753
1	42219753
101	42219753
102	90999145
9	90999145
104	90999145
102	919566
3	919566
8	919566
6	919566
9	919566
100	919566
101	919566
14	919566
4	919566
99	22699
6	2622905
99	91984
100	56884831
4	56884831
105	50811115
6	2955348
8	991290
6	991290
99	270415
7	10832299
6	58215
99	17235047
99	18422658
34	111990595
9	111990595
1	111990595
6	27188
34	77002473
4	77002473
1	77002473
100	77002473
9	77002473
11	4429051
99	204591
6	33222
99	2524185
99	111592185
6	104453
6	55015
1	4981949
5	4981949
10	4981949
1	52435
3	83514508
7	83514508
106	83514508
9	83514508
99	5533879
1	42790
6	42790
6	79680
1	83192655
1	58484007
4	58484007
100	58484007
1	29
6	29
3	91264763
99	235619
1	83091761
105	83091761
6	3841
1	3841
6	11218
6	3696
6	28012
6	5850
14	29316799
6	205
8	205
9	25402715
100	25402715
6	25402715
6	5745
6	3791
99	603825
6	206
9	35103111
6	32540504
9	32540504
100	32540504
9	40715713
6	31613835
99	2073720
14	17672315
6	17672315
9	17672315
14	21912506
9	31297566
99	21245953
99	51490346
99	20502580
99	20506898
99	31423441
99	335190
99	335252
6	4071025
9	4071025
99	21012106
6	237376
1	237376
14	28674088
101	28674088
9	28674088
9	55162477
102	55162477
15	55162477
107	55162477
12	22291102
12	21795124
99	543222
6	4588940
16	4588940
1	4588940
6	6974758
99	11237765
6	202941
99	1465039
6	341498
1	341498
108	43925066
1	43925066
4	43925066
9	43925066
29	43925066
3	43925066
6	43925066
109	43925066
37	43925066
6	670928
6	2730563
8	2730563
6	4915257
6	11237438
9	44581060
101	44581060
99	17929768
6	11237550
9	11237550
6	6833652
1	6833652
16	6833652
99	14514622
6	291857
6	8261708
6	89388
99	6915162
6	4862783
6	6708789
6	4877742
1	4877742
6	4877683
99	3253993
3	34124506
1	34124506
9	34124506
6	453847
1	453847
3	453847
15	453847
6	6160232
6	47726462
9	47726462
101	47726462
5	47726819
6	47726819
9	47726819
110	96278
14	12006546
4	12006546
9	12006546
3	12006546
6	12006546
1	12006546
15	12006546
3	12028377
14	12028377
9	12028377
102	55214
6	55214
6	21180
1	140227
6	140227
6	305
8	305
1	305
14	11417037
110	97666
6	1844547
102	1844547
9	1844547
7	539685
3	3969899
6	3969899
2	1954084
19	1954084
3	1954084
12	1954084
6	153976
21	450576
23	450576
3	1596548
6	20807
6	3243
1	4148751
3	4148751
3	973829
19	1772059
99	3582580
6	3779940
6	2374
6	2377
6	1360167
30	1360167
6	25060
100	25060
14	36246592
6	585087
6	43
99	3113125
100	41045793
6	66007524
100	66007524
9	66007524
111	66007524
112	66007524
99	3583198
14	8793233
9	8793233
6	7135
6	2873331
6	1419404
16	1025350
101	1025350
1	796686
16	796686
99	71396
1	151188
100	151188
4	151188
14	22359441
1	598176
99	27607751
6	105
1	3599334
45	3599691
6	1298439
14	14824908
1	14824908
4	14824908
9	14824908
29	14824908
15	14824908
113	14824908
102	14824908
1	617923
1	20005399
101	20005399
6	6603281
6	551544
1	551544
6	212097
6	8736610
7	8736610
2	8736610
8	8736610
8	12608121
6	12608121
1	2640495
6	2640495
9	2640495
6	265153
6	18243904
4	377
6	377
100	377
99	104475
6	217626
99	4847140
6	59438
7	59438
8	59438
4	86852
6	86852
1	86852
5	86852
99	94393
6	18455
1	18455
2	97394
6	97394
114	97394
9	97394
110	97394
6	866
6	3202538
110	3202538
6	386983
99	389927
22	44709583
6	75564576
1	473972
7	5497901
1	5497901
3	5497901
6	66150
8	145007
31	145007
1	16564908
6	16564908
6	2798865
1	1340328
5	1340328
1	52129238
100	52129238
4	52129238
99	696175
6	12777
1	12777
99	29680
1	730019
1	11516896
99	494173
1	45642
99	136044
1	27650176
6	3022566
1	109243
6	50206681
1	39090
1	7292051
99	503213
1	2535600
99	5515698
11	137798
1	1615857
9	51460686
1	7313553
1	66773693
100	66773693
2	66773693
32	66773693
4	66773693
9	66773693
1	38092994
9	13907055
6	14038218
115	14038218
9	14038218
101	14038218
1	30319091
3	89715259
4	89715259
9	89715259
100	89715259
116	89715259
101	40424533
6	40424533
9	40424533
11	120890
8	120890
1	67446443
100	67446443
6	1988700
1	1988700
11	232838
8	232838
101	42401888
1	42401888
9	42401888
117	42401888
6	42401888
6	20005691
9	20005691
1	36240566
4	36240566
100	36240566
6	36240566
9	36240566
118	36240566
101	36240566
99	21328459
1	4730073
1	1569206
99	34823784
99	12900888
1	3127051
101	3127051
1	1867023
16	1867023
6	1867023
6	12420682
16	12420682
4	12420682
9	12420682
6	287325
1	937898
6	75017
1	75017
1	5720023
1	12883883
9	12883883
6	12883883
4	12883883
6	24363
6	496363
1	1485429
6	3677228
16	3677228
6	52452
6	1441793
1	1441793
99	68860702
1	1123747
6	74011
4	74011
9	74011
119	243881
1	243881
20	243881
102	243881
6	243881
119	323654
1	323654
1	6130210
6	51348
1	51348
11	231076
6	601541
11	601541
11	665476
7	665476
6	51470
1	51470
6	11537130
1	332394
1	3642919
1	3802284
16	3542282
1	3542282
1	10773402
6	10773402
45	10773402
1	7345551
6	7345551
1	7344703
6	7344703
14	104242308
45	104242308
1	3435737
1	3435773
16	3435773
8	661811
11	661811
99	2133592
3	5309981
15	5309981
9	5309981
6	5309981
99	10428072
1	5333218
3	5333218
6	326479
6	38046
3	270437
1	325175
6	325175
1	28357
6	28357
1	484808
99	486177
99	5954569
6	306157
6	70666
1	70666
99	3004375
20	1810684
102	1810684
9	1810684
101	1810684
4	1810684
99	25578
1	902
9	902
30	574337
9	574337
30	419983
2	555495
1	555495
19	555495
9	555495
3	555495
6	249535
6	429
1	429
1	600
3	27233
1	27233
8	27233
6	27233
36	136085
99	468049
3	49814
36	56
6	56
1	54
99	2064323
1	13734705
10	13734705
4	13734705
37	13734705
10	3664937
10	48835316
35	48835316
120	48835316
1	48835316
4	48835316
37	48835316
31	48835316
5	48835316
103	48835316
100	48835316
7	48835316
2	3986723
5	43979131
10	3008991
37	3008991
100	68656631
3	96162235
3	83268783
9	83268783
3	100407582
3	87006564
100	68656770
6	26488
9	26488
3	41762759
3	65312129
1	65312129
100	65312129
9	65312129
121	65312129
4	65312129
99	809295
6	78560246
1	73728332
100	73728332
4	73728332
1	224303
6	224303
6	899684
99	24814938
6	743962
1	26211418
16	26211418
3	26211418
4	26211418
6	1757196
99	26276208
6	61484858
4	61484858
1	61484858
100	61484858
3	61484858
122	61484858
6	169862
3	169862
2	169862
10	169862
6	159115
1	497353
6	497353
6	1756388
20	16546
20	3349
20	93934
100	93934
6	232854
1	232854
100	54021366
4	54021366
1	54021366
3	54021366
6	356864
99	145164
6	27450
1	27450
99	12922125
6	34382623
9	34382623
6	34714577
6	180647
16	92496267
6	302113
1	2015418
2	55274339
5	55274339
3	55274339
1	91213545
100	91213545
4	91213545
1	91210677
2	91210677
100	91210677
4	91210677
6	91210677
123	91210677
9	91210677
19	59392471
9	59392471
19	91187376
2	59392841
26	59392841
19	59392841
12	59392841
19	59391192
11	91213018
6	91213018
7	59393744
8	59393744
11	91214372
6	91214372
2	91214372
100	91214372
1	91214372
123	91214372
4	91214372
9	91214372
118	91210873
6	91210873
33	91213141
8	91213141
11	91213141
100	91213141
124	91213141
7	91213141
107	91213141
2	59395607
6	59395607
2	91211858
9	91211858
2	59393932
11	91212170
9	91212170
7	89899473
101	89899473
11	59394098
8	59394098
2	59396022
19	59396022
2	91212071
7	91210463
8	91210463
125	91210463
9	91210463
123	91210463
6	91210463
7	91218837
2	91218837
6	91218837
3	91218837
125	91218837
19	91218837
19	55274292
2	55274292
2	59395724
6	9034421
9	9034421
7	91210149
8	91210149
101	91210149
126	91210149
11	91210149
7	91209848
8	91209848
100	91209848
101	91209848
6	91209848
9	91209848
11	91209848
99	76627468
3	91221992
123	91221992
8	91221992
9	91221992
6	91221992
100	91214540
7	91214540
8	91214540
17	91214540
2	91214540
101	91214540
112	91214540
127	91214540
128	91214540
15	91214540
129	91214540
33	91214540
11	91214540
130	91214540
5	91214540
9	91214540
24	91214540
6	91214540
131	91214540
132	91214540
133	91214540
4	91214540
1	91214540
134	91214540
135	91214540
107	91214540
136	91214540
137	91214540
2	158012
6	158012
2	7061104
4	7061104
3	7061104
19	7061104
16	7061104
99	7097297
99	7828160
1	4874487
138	4874487
16	4874487
9	4874487
6	4874487
1	3228501
3	10824057
100	8604512
9	8604512
4	8604512
21	8590299
22	3027468
14	15909592
14	29353227
1	15910193
6	96668
2	57337479
26	57337479
6	3777667
9	3777667
3	3777667
1	3777667
6	59033287
9	59033287
6	14959311
16	8318230
1	8318230
14	32349803
101	32349803
100	95347
4	95347
99	9679831
3	46505467
1	32166471
6	166801
1	8146918
9	8146918
99	5343213
2	1757939
9	1757939
2	10646304
9	10646304
99	7607569
139	4741
40	4741
20	4741
42	4741
102	4741
15	4741
3	4741
9	4741
99	6216245
99	149353
6	788
40	788
6	14704
99	1758179
99	378526
2	4965742
23	4965742
99	15885925
23	4706137
23	583866
23	1758177
99	4009922
99	12910511
20	490050
30	490050
30	32807
6	32807
20	2451043
7	2451043
8	2451043
3	2451043
5	2451043
9	2451043
21	2451043
2	2451043
23	2451043
20	1166223
19	1166223
2	1166223
9	1166223
99	16970834
6	4711
8	4711
30	4711
40	1592
99	2335294
23	402455
99	77312
21	2326829
99	4602856
30	14187
6	14187
1	14187
6	649
30	649
8	649
1	649
99	4541667
30	205026
6	890204
6	7360
6	3835254
6	37432
6	1148416
30	5391496
9	5391496
6	6388
6	52036
1	52036
99	2344417
6	290509
9	290509
99	646043
6	288790
9	288790
19	637670
6	351829
1	351829
3	351829
15	351829
6	116198
6	897376
6	242688
1	242688
6	320164
6	108910
99	328474
6	781384
6	73214
6	270028
99	228669
102	71308
9	71308
6	71308
3	71308
1	71308
30	71308
6	74
1	5546553
30	5546553
15	5546553
9	5546553
30	4786007
30	5070745
30	5011729
99	301826
99	16522907
6	127067
6	13460813
100	91967
6	91967
1	2267489
6	465440
6	99978
1	99978
22	28524039
101	28524039
15	20266141
1	20266141
4	20266141
3	20266141
9	20266141
107	20266141
99	965388
99	898130
7	7322777
9	7322777
8	7322777
6	7322777
16	1076534
6	1076534
6	9332126
6	1167358
99	6133028
6	825471
1	825471
3	825471
15	825471
6	681112
6	876168
48	876168
1	855243
6	855243
9	855243
1	857722
14	51234462
101	51234462
9	51234462
6	51234462
6	8791758
1	8791758
48	8791758
99	8656086
11	27801314
9	27801314
99	51883807
6	29575
6	4644280
16	36769368
4	36769368
100	36769368
1	36769368
99	2277888
99	789949
11	2367236
1	36765316
100	78781538
1	78781538
6	76239
6	154824
9	154824
6	80044
11	1243715
8	1243715
6	1243715
3	80053204
101	80053204
6	144009
1	111745101
4	111745101
100	111745101
3	69443426
1	8688853
102	8688853
99	22931536
1	27455700
9	27455700
101	27455700
4	27455700
1	28829483
9	28829483
3	28829483
101	28829483
1	46544249
4	46544249
100	46544249
101	46544249
6	46544249
9	46544249
3	9084255
1	54485823
9	54485823
35	54485823
3	88789715
8	7740041
1	12741447
9	12741447
1	43019887
100	43019887
4	43019887
6	43019887
99	80035
99	23206113
1	13913183
1	4398052
1	76384103
6	292955
7	8104481
3	8104481
8	8104481
9	8104481
107	8104481
99	67365422
99	291873
6	66670
14	1107816
6	5322
14	2968891
9	2968891
14	3643809
14	5455390
99	363872
6	293810
6	162965
6	7650
6	12134
6	114683
1	114683
3	114683
15	114683
6	211151
99	363867
99	116960
14	18283532
6	260057
99	188828
14	17471127
6	436280
14	1731015
9	1731015
14	1633964
1	1633964
9	1633964
4	1633964
15	401239
9	401239
6	401239
102	401239
3	401239
113	401239
11	218666
6	1399159
99	393584
20	84534
6	84534
14	61918505
99	53028
6	476509
1	37894188
9	37894188
26	37954266
9	19348669
101	19348669
3	66203040
9	66203040
7	95135527
3	95135527
22	95135527
8	95135527
125	95135527
11	95135527
140	95135527
141	95135527
9	95135527
142	95135527
143	95135527
100	95135527
101	95135527
6	51563198
35	51563198
9	51563198
27	51563198
6	223120
6	2563
6	2399108
9	2399108
39	2399108
3	2399108
9	60718979
6	493687
6	539055
6	339
1	339
6	697462
9	697462
6	1837664
15	1837664
9	1837664
6	675189
6	603969
6	709776
6	710239
6	1055140
3	68298011
6	68298011
9	68298011
100	68298011
121	68298011
137	68298011
29	68298011
14	68298011
35	68298011
30	1272563
6	954
6	4358818
1	4358818
99	102810039
1	16942
6	16942
6	608
6	986952
3	981574
6	2181
9	68204
6	235583
6	6631941
6	196831
1	196831
99	124511
6	70012
6	2184
99	68663
139	213
40	213
9	213
6	307
1	307
5	307
30	21093
1	21093
6	21093
30	207077
12	7310518
99	840329
99	26388820
12	7297812
99	23227978
99	12438440
20	14092219
6	51152058
20	15234645
20	21664881
9	453459
6	453459
99	5007766
9	23680763
20	23680763
6	23680763
3	23680763
15	23680763
20	18347159
9	18347159
99	13708734
99	23736145
99	7401731
6	251017
1	13569744
6	13569744
4	13569744
1	90326910
4	90326910
100	90326910
144	90326910
16	90326910
9	90326910
6	90326910
3	90326910
99	2757392
99	2757416
8	70613908
11	70613908
125	70613908
9	70613908
7	70613908
3	70613908
99	8630174
6	395495
6	726
1	726
9	17452103
3	17452103
6	17452103
101	17452103
6	9782948
4	9782948
1	9782948
16	9782948
99	9826036
99	5666209
20	14647487
6	53331
99	23681076
6	377474
7	36535615
8	36535615
3	36535615
145	36535615
9	36535615
146	36535615
1	112361
99	10699429
7	12066331
8	12066331
25	12066331
11	12066331
16	86486209
6	86486209
1	86486209
99	73876230
99	3276699
2	4627801
8	4627801
1	6237186
99	2386450
99	24970687
16	10976544
1	10976544
9	10976544
7	1379755
8	1379755
1	1379755
9	1379755
15	1379755
3	1379755
39	1379755
33	1379755
1	5447904
6	5447904
1	1631612
1	12902123
1	12261383
4	12261383
99	12262652
1	5695427
99	17353791
99	7022473
6	83247477
1	83247477
29	83247477
33	83247477
100	83247477
122	83247477
8	83247477
11	83247477
4	83247477
31	83247477
3	83247477
5	83247477
9	83247477
36	83247477
103	83247477
112	83247477
101	83247477
147	83247477
6	10632322
1	10632322
6	12686510
4	12686510
1	12686510
16	12686510
99	7758289
6	24044828
1	24044828
4	24044828
99	15116963
99	7968368
1	259978
6	34699810
4	34699810
100	34699810
6	43190
1	9338746
16	9338746
99	23329386
6	41408
6	7948178
99	880022
6	220497
6	4178680
16	4178680
1	4178680
99	753930
9	2357950
6	13089
15	13089
9	13089
6	76611957
100	76611957
9	65316364
99	23322213
1	8734993
21	19874475
6	647381
16	9015950
16	9156508
1	9156508
6	679618
99	884437
6	2464450
17	38273176
99	25222107
148	89172397
21	89172397
101	89172397
4	30936009
38	30936009
100	30936009
9	30936009
149	30936009
6	7634998
16	9120894
1	3036147
6	3036147
99	5594424
6	54096
6	1228953
99	170682
6	25240690
6	177733
9	177733
102	177733
99	1354005
6	75871346
6	2271536
99	733054
6	641100
6	181272
1	181272
6	178698
6	622969
6	596619
6	2991
99	1276819
6	1345287
99	1345254
6	160338
22	76741425
9	76741425
1	15721
6	135610
1	135610
9	135610
6	1452828
6	106087
99	596319
6	91629
99	1354008
1	31114087
3	31114087
100	31114087
4	31114087
1	89535748
4	89535748
150	89535748
100	89535748
6	89535748
9	89535748
109	89535748
9	6522466
102	6522466
6	6522466
100	38635262
1	79787851
1	14643523
4	14643523
99	88210253
1	552006
1	90890833
100	90890833
26	69644476
6	351
1	351
11	6041641
99	23890057
9	94474978
101	94474978
6	83510725
6	324825
1	324825
6	332709
6	430
4	430
6	326844
6	326811
6	306337
99	333247
6	52705990
6	12675018
9	44850973
102	44850973
6	44850973
4	44850973
16	44850973
6	9918614
6	1948508
1	1948508
6	247146
99	5849154
6	92316816
100	92316816
9	92316816
99	172967
6	821612
99	4360245
6	8345006
1	8345006
99	3173455
6	3912
6	16676113
6	39287394
4	39287394
100	39287394
1	39287394
140	39287394
6	36909679
100	36909679
4	36909679
1	36909679
6	5905269
6	484078
99	494139
99	18652806
99	322596
1	265158
6	265158
3	271983
8	271983
6	383605
8	383605
1	383605
99	453957
8	1399106
99	24407924
36	20140
99	25365750
99	151644
3	18278583
6	2483488
1	2483488
25	20782866
6	408538
99	1702146
16	27678439
4	27678439
2	1048573
4	102916641
100	102916641
1	102916641
4	13811601
16	13811601
9	13811601
6	13811601
1	13811601
99	139923
47	2380927
8	100442
11	100442
6	100442
151	100442
1	1344164
9	556622
99	136406
1	1254893
8	2336760
3	576179
99	4716032
3	11608046
4	11608046
1	11608046
15	11608046
9	11608046
19	11608046
99	24671878
9	7866758
3	7866758
48	7866758
6	7866758
39	7866758
9	73427167
137	73427167
6	73427167
8	73427167
121	73427167
3	521666
3	159160
14	18730873
9	18730873
4	18730873
3	18730873
1	18730873
15	18730873
102	18730873
9	15686070
3	8783146
1	8783146
6	8783146
7	9734743
9	9734743
8	9734743
3	9734743
11	9734743
2	8699
6	8699
5	8699
2	674997
3	595942
3	575581
99	24109423
3	2437950
6	2437950
9	2437950
8	16949098
3	16949098
22	16949098
9	16949098
1	137
6	137
9	10748228
9	12611694
5	12611694
1	11181832
7	11181832
8	11181832
3	11181832
39	11181832
9	11181832
11	11181832
6	11181832
12	11181832
9	9969636
7	4582930
8	4582930
11	4582930
1	4582930
15	4582930
9	4582930
107	4582930
33	4582930
3	4582930
16	4582930
6	4582930
120	4582930
7	82648217
125	82648217
9	82648217
3	82648217
102	82648217
101	82648217
3	60676539
9	60676539
6	60676539
3	208328
3	29443331
9	29443331
1	35429641
101	35429641
8	199683
7	199683
6	199683
3	199683
152	199683
30	199683
15	199683
5	199683
22	199683
9	199683
3	5604999
9	5604999
40	5604999
20	39589675
17	39589675
9	39589675
101	39589675
15	39589675
24	39589675
103	39589675
45	88114247
30	88114247
100	100529599
4	100529599
45	81768117
100	81768117
6	1445394
99	12363585
99	13428313
6	15991214
34	94487369
1	94487369
9	94487369
1	100837238
100	31287555
1	31287555
4	31287555
99	158684
16	17237088
6	204408
99	15559968
14	29035826
1	11398300
6	11398300
1	66049723
4	66049723
100	66049723
6	292868
6	13896380
1	94033619
45	94033619
100	94033619
99	2017177
99	10899268
9	232519
23	232519
6	179016
1	179016
21	146604
1	75522148
101	75522148
100	75522148
6	52445
20	16044658
99	448525
19	10820993
19	41059121
103	41059121
6	4128827
1	4128827
16	4128827
19	3279694
1	3279694
16	3279694
19	46817085
6	68844389
19	11955549
6	11955549
1	68841628
9	68841628
3	68841628
6	68841628
30	68841628
101	68841628
29	68841628
103	68841628
99	69034116
9	68856588
6	5799179
2	5799179
6	3172162
6	3436381
1	3436381
6	4276384
2	43399449
7	43399443
2	43399443
1	43399443
8	43399443
15	43399443
9	43399443
100	43399443
101	43399443
19	12278254
6	5401258
48	5401258
9	5401258
6	4664832
99	11026955
6	3931156
19	51034095
9	51034095
6	3575615
6	5399303
8	3159651
15	3159651
9	3159651
2	6928338
6	6928338
99	7568091
19	58219636
99	3165373
99	6783366
23	90236876
23	106920764
1	64992
6	64992
6	6237
99	155744
1	573838
6	573838
99	39193653
1	9842521
1	9852523
99	15511024
99	4024544
99	17246909
23	35128737
6	31415
99	97324
23	65487851
4	65487851
100	18913107
23	18913107
6	43548
11	17899
8	17899
9	17899
11	47387
1	47387
6	47387
99	88108
6	1113272
23	73546201
11	897559
7	897559
8	897559
11	5722275
6	5722275
6	3054
99	516509
1	1342692
6	322471
9	322471
3	322471
15	322471
1	322471
11	109887
1	109887
8	109887
99	15571576
99	194744
99	341809
6	142
6	703
99	194734
6	185178
30	20540
6	20540
99	314534
99	659457
8	265342
30	265342
99	682658
6	17729
8	17729
30	17729
30	25885
99	173085
30	17736
1	17736
6	17736
6	140
8	3540189
33	3540189
7	3540189
30	1154867
8	1154867
9	1673706
99	23881856
30	20906
9	20906
1	282549
6	282549
30	659661
99	10088253
30	20404
9	20404
99	587236
6	22610
1	39241
6	276623
8	276623
\.


--
-- Data for Name: languages; Type: TABLE DATA; Schema: public; Owner: simple
--

COPY languages (id, name) FROM stdin;
1	JavaScript
2	Java
3	Python
4	CSS
5	PHP
6	Ruby
7	C++
8	C
9	Shell
10	C#
11	Objective-C
12	R
13	VimL
14	Go
15	Perl
16	CoffeeScript
17	TeX
18	Swift
19	Scala
20	Emacs Lisp
21	Haskell
22	Lua
23	Clojure
24	Matlab
25	Arduino
26	Groovy
27	Puppet
28	Rust
29	PowerShell
30	Erlang
31	Visual Basic
32	Processing
33	Assembly
34	TypeScript
35	XSLT
36	ActionScript
37	ASP
38	OCaml
39	D
40	Scheme
41	Dart
42	Common Lisp
43	Julia
44	F#
45	Elixir
46	FORTRAN
47	Haxe
48	Racket
49	Logos
99	\N
100	HTML
101	Makefile
102	Vim script
103	Batchfile
104	AppleScript
105	Protocol Buffer
106	Cuda
107	Prolog
108	HCL
109	Smarty
110	Io
111	Groff
112	PostScript
113	Standard ML
114	Ragel in Ruby Host
115	SQLPL
116	Mako
117	CartoCSS
118	PLpgSQL
119	Objective-J
120	Smalltalk
121	Nginx
122	Gherkin
123	Thrift
124	Pascal
125	CMake
126	Objective-C++
127	VHDL
128	Verilog
129	Perl 6
130	KiCad Layout
131	Roff
132	Lex
133	Stata
134	Coq
135	Csound
136	XQuery
137	ApacheConf
138	Scilab
139	Arc
140	Yacc
141	P4
142	Limbo
143	LLVM
144	Vue
145	QMake
146	GLSL
147	DIGITAL Command Language
148	Agda
149	XML
150	NSIS
151	Nu
152	Tcl
\.


--
-- Data for Name: repositories; Type: TABLE DATA; Schema: public; Owner: simple
--

COPY repositories (id, name, link, created, updated, pushed, stars, forks, owner) FROM stdin;
26899533	30daysoflaptops.github.io	https://github.com/mojombo/30daysoflaptops.github.io	2014-11-20 06:42:06	2017-07-06 04:15:27	2014-11-20 06:42:47	4	2	1
17358646	asteroids	https://github.com/mojombo/asteroids	2014-03-03 07:40:00	2017-07-20 08:51:54	2015-03-10 18:18:16	97	9	1
29941343	benbalter.github.com	https://github.com/mojombo/benbalter.github.com	2015-01-27 23:54:05	2017-11-13 14:04:54	2015-01-27 23:54:33	4	4	1
330651	bert	https://github.com/mojombo/bert	2009-10-08 06:06:25	2017-11-13 14:01:16	2016-04-18 15:19:42	183	53	1
444244	bert.erl	https://github.com/mojombo/bert.erl	2009-12-21 02:10:34	2017-12-15 13:36:09	2010-01-08 00:12:10	80	42	1
204457	bertrpc	https://github.com/mojombo/bertrpc	2009-05-19 02:44:01	2017-12-13 21:45:15	2014-08-11 20:59:15	154	24	1
6664329	bower	https://github.com/mojombo/bower	2012-11-13 02:32:34	2015-04-04 20:22:40	2012-11-13 02:34:11	5	3	1
144	chronic	https://github.com/mojombo/chronic	2008-01-29 06:48:49	2017-12-14 03:06:32	2017-12-10 19:02:22	2787	392	1
128373	clippy	https://github.com/mojombo/clippy	2009-02-13 18:59:10	2017-11-30 09:42:55	2011-10-04 21:29:49	971	182	1
54515	conceptual_algorithms	https://github.com/mojombo/conceptual_algorithms	2008-09-20 04:54:25	2017-11-13 14:01:05	2008-09-20 04:57:28	4	1	1
143281	cubesixel	https://github.com/mojombo/cubesixel	2009-03-05 00:00:25	2017-11-13 14:01:08	2014-02-19 01:10:05	22	3	1
19398	egitd	https://github.com/mojombo/egitd	2008-05-24 20:36:13	2017-11-21 00:22:31	2014-02-19 01:01:34	97	17	1
135769	endo	https://github.com/mojombo/endo	2009-02-23 22:48:51	2017-11-13 14:01:08	2009-02-23 23:38:37	3	2	1
30322	erlang_pipe	https://github.com/mojombo/erlang_pipe	2008-07-01 16:40:14	2017-11-13 14:01:04	2008-08-03 08:25:18	18	3	1
3010	erlectricity	https://github.com/mojombo/erlectricity	2008-03-08 01:32:13	2017-12-03 07:40:03	2009-10-28 19:40:13	339	44	1
189157	erlectricity-presentation	https://github.com/mojombo/erlectricity-presentation	2009-04-30 07:05:01	2016-06-03 06:55:02	2009-04-30 07:05:54	3	3	1
1602	erlenmeyer	https://github.com/mojombo/erlenmeyer	2008-02-28 03:17:49	2017-11-13 14:01:02	2008-03-26 18:36:22	7	0	1
204419	ernie	https://github.com/mojombo/ernie	2009-05-19 01:51:40	2017-11-14 14:17:47	2011-12-07 08:32:23	430	48	1
326535	eventmachine	https://github.com/mojombo/eventmachine	2009-10-04 20:24:34	2017-11-13 14:01:16	2009-10-04 20:35:25	10	4	1
128616	fakegem	https://github.com/mojombo/fakegem	2009-02-14 01:48:53	2017-11-13 14:01:08	2009-02-14 02:02:01	3	1	1
1015	fixture-scenarios	https://github.com/mojombo/fixture-scenarios	2008-02-23 04:25:57	2017-07-25 13:13:00	2017-02-16 07:55:22	17	11	1
70276	git	https://github.com/mojombo/git	2008-10-31 22:57:51	2017-11-13 14:01:06	2008-10-31 14:01:16	13	6	1
53286	git-bzr	https://github.com/mojombo/git-bzr	2008-09-16 20:04:23	2017-11-13 14:01:05	2008-08-17 21:28:29	7	1	1
173084	github-flavored-markdown	https://github.com/mojombo/github-flavored-markdown	2009-04-10 21:57:08	2017-12-14 12:05:02	2009-04-10 22:59:38	173	93	1
58173	github-gem	https://github.com/mojombo/github-gem	2008-09-30 22:29:14	2017-11-13 14:01:05	2008-09-30 22:30:48	6	0	1
61	glowstick	https://github.com/mojombo/glowstick	2008-01-17 00:40:56	2017-11-13 14:01:02	2008-03-26 19:09:11	31	8	1
28	god	https://github.com/mojombo/god	2008-01-13 05:16:23	2017-12-14 08:09:36	2017-11-10 22:42:25	2074	480	1
818161	gollum-demo	https://github.com/mojombo/gollum-demo	2010-08-04 23:49:22	2017-11-13 14:01:33	2017-10-09 00:11:59	70	204	1
1	grit	https://github.com/mojombo/grit	2007-10-29 14:37:16	2017-11-30 13:20:22	2017-08-03 20:29:32	1877	460	1
1963678	homebrew	https://github.com/mojombo/homebrew	2011-06-28 01:36:48	2017-08-20 14:45:43	2011-06-28 01:41:28	11	1	1
1861402	ace	https://github.com/defunkt/ace	2011-06-07 18:41:40	2017-07-06 17:21:41	2011-11-16 18:37:42	11	5	2
3594	acts_as_textiled	https://github.com/defunkt/acts_as_textiled	2008-03-12 06:20:18	2017-07-12 20:10:41	2011-07-21 21:38:47	115	33	2
36	ambition	https://github.com/defunkt/ambition	2008-01-14 06:28:56	2017-11-23 19:49:17	2015-04-24 00:18:24	150	16	2
230	ambitious_activeldap	https://github.com/defunkt/ambitious_activeldap	2008-01-30 19:20:08	2017-07-12 20:10:41	2008-03-26 19:10:57	6	2	2
12641	ambitious_activerecord	https://github.com/defunkt/ambitious_activerecord	2008-04-26 09:10:20	2017-05-11 05:50:24	2008-04-26 10:14:04	12	2	2
4180	barefootexamples	https://github.com/defunkt/barefootexamples	2008-03-17 06:29:50	2017-07-12 20:10:41	2008-03-26 20:57:13	5	2	2
15939	body_matcher	https://github.com/defunkt/body_matcher	2008-05-11 04:54:44	2017-06-19 00:30:23	2008-05-11 04:54:46	8	2	2
288271	burn	https://github.com/defunkt/burn	2009-08-26 01:31:54	2016-09-22 18:46:51	2009-08-26 02:13:06	5	2	2
93	cache_fu	https://github.com/defunkt/cache_fu	2008-01-23 00:28:10	2017-12-07 18:00:25	2009-10-04 01:54:43	256	69	2
3591	cheat	https://github.com/defunkt/cheat	2008-03-12 06:09:09	2017-11-25 10:13:14	2015-11-17 19:31:56	228	41	2
45193	cheat.el	https://github.com/defunkt/cheat.el	2008-08-23 06:01:37	2016-11-12 05:57:14	2008-12-03 23:55:16	13	3	2
12527	choice	https://github.com/defunkt/choice	2008-04-25 18:30:30	2017-11-12 14:16:33	2016-12-14 05:29:58	169	21	2
270226	cijoe	https://github.com/defunkt/cijoe	2009-08-06 00:20:39	2017-12-11 15:54:39	2011-10-01 22:56:55	1065	136	2
550681	coffee-mode	https://github.com/defunkt/coffee-mode	2010-03-07 08:30:40	2017-12-13 07:41:43	2017-06-26 13:17:06	562	157	2
388149	colored	https://github.com/defunkt/colored	2009-11-28 06:16:20	2017-11-10 07:26:39	2017-07-07 17:51:14	253	40	2
12220	currency_converter	https://github.com/defunkt/currency_converter	2008-04-24 09:34:31	2017-05-11 05:50:24	2008-04-24 09:36:14	7	3	2
18570642	d3	https://github.com/defunkt/d3	2014-04-08 18:45:26	2017-11-25 13:53:19	2014-04-08 18:46:26	3	1	2
91988	defunkt.github.com	https://github.com/defunkt/defunkt.github.com	2008-12-17 07:53:14	2016-12-28 22:00:47	2014-08-05 00:38:47	68	51	2
628288	djangode	https://github.com/defunkt/djangode	2010-04-25 16:41:30	2016-09-22 18:47:25	2010-04-25 16:42:56	5	3	2
2448060	dodgeball.github.com	https://github.com/defunkt/dodgeball.github.com	2011-09-24 03:01:09	2016-09-22 18:48:29	2011-09-24 03:01:22	6	5	2
5171653	dotenv	https://github.com/defunkt/dotenv	2012-07-24 21:43:19	2016-10-23 19:22:03	2012-07-24 04:30:34	4	3	2
1336779	dotjs	https://github.com/defunkt/dotjs	2011-02-07 07:01:33	2017-12-14 21:46:44	2017-08-04 04:12:15	3196	382	2
69384	electron-wordwrap	https://github.com/defunkt/electron-wordwrap	2008-10-29 20:03:17	2016-09-22 18:46:22	2008-10-29 20:28:21	4	3	2
43903	emacs	https://github.com/defunkt/emacs	2008-08-19 10:50:19	2017-10-28 15:37:44	2011-10-25 21:53:46	186	45	2
2998404	email_reply_parser	https://github.com/defunkt/email_reply_parser	2011-12-16 23:13:05	2016-09-22 18:48:34	2011-12-16 23:13:24	2	5	2
1167457	evilbot	https://github.com/defunkt/evilbot	2010-12-14 08:09:11	2016-09-22 18:47:55	2011-02-16 07:34:00	45	14	2
35	exception_logger	https://github.com/defunkt/exception_logger	2008-01-14 03:32:19	2017-08-02 04:15:40	2016-01-01 04:57:28	237	86	2
425	facebox	https://github.com/defunkt/facebox	2008-02-11 22:49:27	2017-12-09 02:35:20	2013-07-15 19:55:04	1946	418	2
5211331	faceup	https://github.com/defunkt/faceup	2012-07-28 02:11:56	2017-10-27 23:27:15	2012-07-28 02:40:26	5	6	2
3596	fixture_scenarios_builder	https://github.com/defunkt/fixture_scenarios_builder	2008-03-12 06:24:02	2017-07-12 20:10:41	2008-11-12 22:58:39	12	5	2
101022	blog	https://github.com/ivey/blog	2009-01-05 04:19:47	2016-05-08 21:19:33	2011-09-10 21:20:07	3	0	6
4061	auto_migrations	https://github.com/pjhyett/auto_migrations	2008-03-16 00:44:24	2017-08-26 13:26:21	2013-04-25 20:41:57	146	38	3
112071	blackjax	https://github.com/pjhyett/blackjax	2009-01-21 20:45:27	2016-09-22 18:46:31	2009-01-21 20:50:19	9	9	3
592	errcount	https://github.com/pjhyett/errcount	2008-02-15 21:07:30	2017-07-25 13:12:58	2008-03-26 19:15:12	8	7	3
5281804	git-server	https://github.com/pjhyett/git-server	2012-08-03 05:54:17	2014-02-01 11:28:05	2008-08-17 21:26:49	1	2	3
13163	github-services	https://github.com/pjhyett/github-services	2008-04-28 23:41:21	2017-08-20 16:43:19	2011-02-18 23:50:51	416	52	3
561202	ThoughtStream	https://github.com/pjhyett/ThoughtStream	2010-03-13 22:17:26	2017-05-03 05:13:15	2010-03-13 22:18:36	4	6	3
590	vjot	https://github.com/pjhyett/vjot	2008-02-15 20:55:07	2017-07-16 10:01:11	2008-03-26 19:15:11	7	10	3
13727	zoned	https://github.com/pjhyett/zoned	2008-05-01 06:11:57	2016-09-22 18:46:07	2008-05-01 06:13:26	10	4	3
1119731	abbot-from-scratch	https://github.com/wycats/abbot-from-scratch	2010-11-28 17:49:44	2017-11-19 20:31:04	2012-01-27 19:53:46	9	4	4
911701	abbot-ng	https://github.com/wycats/abbot-ng	2010-09-15 04:25:23	2016-01-13 18:48:16	2010-09-15 04:25:39	2	2	4
3092609	activerecord-import	https://github.com/wycats/activerecord-import	2012-01-03 07:26:10	2017-11-19 20:29:34	2012-01-03 08:42:17	3	1	4
591370	active_params	https://github.com/wycats/active_params	2010-04-02 07:32:46	2016-01-27 00:00:49	2010-04-02 07:43:48	7	1	4
18471501	agendas	https://github.com/wycats/agendas	2014-04-05 16:57:08	2014-04-05 17:00:20	2014-04-05 16:57:54	0	1	4
577073	alexandria	https://github.com/wycats/alexandria	2010-03-24 07:07:30	2016-12-02 02:42:24	2010-04-11 20:03:01	10	2	4
14129810	allocation_counter	https://github.com/wycats/allocation_counter	2013-11-05 02:18:29	2016-01-26 22:02:07	2013-11-13 21:57:52	7	2	4
578427	artifice	https://github.com/wycats/artifice	2010-03-25 01:36:42	2017-09-29 09:24:45	2016-11-28 18:00:21	217	15	4
842499	asdf	https://github.com/wycats/asdf	2010-08-17 00:42:23	2017-08-30 03:22:26	2010-08-17 00:43:14	33	4	4
53125	at-media	https://github.com/wycats/at-media	2008-09-16 10:56:47	2016-05-08 13:27:20	2008-09-16 11:00:31	3	1	4
43278408	atom-pain-split	https://github.com/wycats/atom-pain-split	2015-09-28 03:42:07	2015-09-28 03:42:08	2015-05-18 22:59:11	0	1	4
86851893	bench-backburner	https://github.com/wycats/bench-backburner	2017-03-31 19:08:00	2017-03-31 19:08:02	2017-03-23 18:50:44	0	0	4
14327	benchwarmer	https://github.com/wycats/benchwarmer	2008-05-03 21:22:10	2016-05-11 21:31:37	2008-05-06 07:11:23	31	5	4
191712	blue-ridge	https://github.com/wycats/blue-ridge	2009-05-03 21:39:35	2015-11-05 01:12:59	2009-05-04 12:02:32	22	1	4
13535854	bootstrap-nitrous	https://github.com/wycats/bootstrap-nitrous	2013-10-13 07:56:38	2013-12-22 02:11:54	2013-12-22 02:11:52	2	1	4
49158298	broccoli-concat	https://github.com/wycats/broccoli-concat	2016-01-06 20:01:05	2016-11-20 18:33:41	2015-12-22 02:59:43	0	1	4
244703	bundler	https://github.com/wycats/bundler	2009-07-06 22:08:44	2017-06-29 22:21:53	2010-02-03 23:03:34	419	32	4
1912104	cafe	https://github.com/wycats/cafe	2011-06-17 16:38:59	2015-11-05 20:32:47	2011-03-30 02:54:15	3	1	4
21256790	cargo	https://github.com/wycats/cargo	2014-06-26 22:18:01	2014-06-26 13:16:35	2014-08-15 22:18:22	0	1	4
21112934	cargo-website	https://github.com/wycats/cargo-website	2014-06-23 03:34:27	2014-11-16 16:45:51	2014-08-14 22:06:47	5	17	4
773625	chainable_compare	https://github.com/wycats/chainable_compare	2010-07-14 00:21:55	2016-09-22 18:47:39	2010-07-14 01:52:04	11	2	4
21112162	color-rs	https://github.com/wycats/color-rs	2014-06-23 02:56:31	2014-06-24 02:51:50	2014-06-24 02:51:28	0	1	4
2092604	Command-T	https://github.com/wycats/Command-T	2011-07-23 10:02:42	2016-01-26 22:02:07	2011-07-23 10:03:57	1	0	4
27060736	crates.io	https://github.com/wycats/crates.io	2014-11-24 04:33:45	2014-11-24 04:33:45	2014-11-24 04:34:33	0	1	4
13612476	croshwindow	https://github.com/wycats/croshwindow	2013-10-16 07:30:45	2013-10-16 07:36:11	2013-10-16 07:36:10	0	1	4
66164	css_to_xpath	https://github.com/wycats/css_to_xpath	2008-10-22 05:54:09	2016-05-08 15:21:50	2008-10-22 07:34:19	4	2	4
20035139	dash-rust	https://github.com/wycats/dash-rust	2014-05-21 19:54:24	2014-06-13 21:42:10	2016-09-07 21:10:39	0	2	4
31398393	dbmonster	https://github.com/wycats/dbmonster	2015-02-27 01:50:01	2017-11-28 20:09:53	2017-05-09 17:47:41	59	11	4
2583956	decaf	https://github.com/wycats/decaf	2011-10-15 23:04:52	2015-11-05 20:32:49	2011-10-17 00:32:10	5	1	4
54947532	demos1	https://github.com/wycats/demos1	2016-03-29 05:10:37	2017-04-08 07:53:16	2016-03-29 05:11:19	3	1	4
5282	acl_system2	https://github.com/ezmobius/acl_system2	2008-03-25 19:00:13	2017-07-27 04:48:43	2008-10-13 21:03:58	60	13	5
131	bmhsearch	https://github.com/ezmobius/bmhsearch	2008-01-28 02:22:50	2017-07-25 13:12:56	2008-03-26 19:09:49	7	2	5
118801	chef-101	https://github.com/ezmobius/chef-101	2009-01-31 17:28:08	2017-05-11 05:51:46	2009-01-31 18:49:23	61	8	5
158501	chef-deploy	https://github.com/ezmobius/chef-deploy	2009-03-24 21:22:28	2017-11-13 21:41:11	2011-06-19 20:17:01	302	32	5
277593	ey-lessql	https://github.com/ezmobius/ey-lessql	2009-08-14 03:17:52	2014-05-14 02:33:07	2009-10-23 17:35:29	40	11	5
1104253	ez-scheme	https://github.com/ezmobius/ez-scheme	2010-11-23 01:55:24	2017-11-26 04:08:31	2013-10-27 03:05:03	28	5	5
27148	ez-where	https://github.com/ezmobius/ez-where	2008-06-20 20:14:55	2016-05-08 09:55:32	2009-10-28 21:09:25	35	4	5
1103712	heist	https://github.com/ezmobius/heist	2010-11-22 21:57:27	2012-12-16 00:25:54	2010-07-27 21:17:41	2	1	5
5226605	LocheGSplicer	https://github.com/ezmobius/LocheGSplicer	2012-07-29 23:27:24	2014-09-28 09:20:18	2012-07-29 04:08:00	5	3	5
1363875	lua-nginx-module	https://github.com/ezmobius/lua-nginx-module	2011-02-14 03:51:50	2014-09-08 21:58:35	2011-02-14 03:55:00	2	1	5
14497	merbivore	https://github.com/ezmobius/merbivore	2008-05-04 20:37:24	2016-05-11 21:31:37	2008-05-04 23:20:09	4	2	5
5964	nanite	https://github.com/ezmobius/nanite	2008-03-31 08:32:08	2017-12-09 18:25:23	2010-12-22 10:21:32	758	65	5
1099441	nats	https://github.com/ezmobius/nats	2010-11-21 10:29:27	2014-12-11 23:43:08	2010-11-22 10:30:24	2	1	5
112754	nginx-ey-balancer	https://github.com/ezmobius/nginx-ey-balancer	2009-01-22 19:53:59	2017-10-17 17:05:19	2009-01-22 12:25:36	26	15	5
108340	ohai	https://github.com/ezmobius/ohai	2009-01-15 21:58:21	2012-12-12 19:32:52	2009-01-15 20:52:26	5	0	5
455782	redactor	https://github.com/ezmobius/redactor	2010-01-02 05:49:55	2017-06-22 01:28:14	2010-01-03 00:29:53	66	1	5
156717	redis	https://github.com/ezmobius/redis	2009-03-23 01:54:07	2015-03-10 00:47:19	2009-03-22 14:27:35	8	0	5
3717526	redis-rb	https://github.com/ezmobius/redis-rb	2012-03-14 12:48:05	2017-11-13 02:34:05	2016-07-18 20:39:17	27	7	5
1357116	super-nginx	https://github.com/ezmobius/super-nginx	2011-02-11 23:33:28	2017-09-21 19:28:04	2011-02-18 03:36:13	152	12	5
4983331	tlabs-mendelmax	https://github.com/ezmobius/tlabs-mendelmax	2012-07-11 02:04:19	2013-10-24 09:49:17	2012-07-11 23:57:20	8	3	5
1740408	vcap-tests	https://github.com/ezmobius/vcap-tests	2011-05-12 20:55:30	2014-04-10 17:12:20	2011-05-14 11:57:35	2	1	5
1742412	vmc	https://github.com/ezmobius/vmc	2011-05-13 08:12:48	2015-03-17 21:39:25	2011-05-16 20:44:47	4	2	5
18482177	adventure_cats	https://github.com/ivey/adventure_cats	2014-04-06 03:34:05	2014-04-07 03:07:48	2014-04-07 03:07:48	0	1	6
26449033	anaconda	https://github.com/ivey/anaconda	2014-11-10 18:18:19	2014-11-10 18:47:55	2014-11-10 18:47:55	0	1	6
6681965	ascii	https://github.com/ivey/ascii	2012-11-14 03:15:36	2014-10-17 13:41:10	2017-09-27 00:10:46	0	1	6
19782581	aws	https://github.com/ivey/aws	2014-05-14 14:28:23	2015-09-09 18:25:33	2014-05-14 14:52:38	0	0	6
4875704	build-essential	https://github.com/ivey/build-essential	2012-07-03 18:21:05	2016-05-24 17:18:15	2012-06-22 20:46:19	1	0	6
9051	carpark	https://github.com/ivey/carpark	2008-04-12 04:50:00	2017-07-27 04:49:14	2008-07-24 17:32:14	8	2	6
1124294	chef	https://github.com/ivey/chef	2010-11-30 02:52:15	2012-12-16 01:06:52	2012-07-31 19:16:31	1	0	6
1762403	cinch-github	https://github.com/ivey/cinch-github	2011-05-17 19:21:34	2013-01-02 18:49:29	2011-06-14 03:57:56	1	0	6
27444944	cli	https://github.com/ivey/cli	2014-12-02 17:42:28	2016-05-22 21:20:50	2015-03-03 22:01:51	0	0	6
908817	clj-gweezlebur-utils	https://github.com/ivey/clj-gweezlebur-utils	2010-09-14 01:12:28	2014-01-10 12:11:57	2010-09-17 06:29:31	1	0	6
906305	clj-highrise	https://github.com/ivey/clj-highrise	2010-09-13 03:30:29	2013-12-12 03:59:48	2010-09-13 03:31:24	1	0	6
1589365	colapp	https://github.com/ivey/colapp	2011-04-08 21:33:46	2014-01-23 14:59:11	2011-04-09 20:17:55	2	0	6
2137285	comatose	https://github.com/ivey/comatose	2011-08-01 15:02:40	2013-01-03 23:48:43	2011-08-01 15:07:01	1	0	6
2314912	dkpgrcsk	https://github.com/ivey/dkpgrcsk	2011-09-02 16:07:13	2013-01-04 04:07:39	2011-09-02 20:08:21	1	0	6
1661719	dropship	https://github.com/ivey/dropship	2011-04-25 21:13:40	2016-09-23 03:32:43	2011-04-25 19:38:15	1	0	6
84563	emacs-starter-kit	https://github.com/ivey/emacs-starter-kit	2008-12-03 21:03:14	2016-05-08 18:24:41	2011-09-27 16:13:52	2	0	6
107843	enigma-codebook	https://github.com/ivey/enigma-codebook	2009-01-15 06:38:20	2017-07-23 23:46:07	2009-01-15 15:56:18	8	1	6
2759816	ethical-eating	https://github.com/ivey/ethical-eating	2011-11-12 02:03:50	2013-12-19 07:19:11	2011-11-12 03:09:41	1	0	6
476881	fav2rt	https://github.com/ivey/fav2rt	2010-01-18 02:10:01	2014-01-08 02:54:57	2014-01-08 02:54:55	6	1	6
59375	gist.el	https://github.com/ivey/gist.el	2008-10-03 22:24:45	2016-05-08 14:21:28	2010-11-05 00:03:19	2	0	6
53301806	alexa	https://github.com/evanphx/alexa	2016-03-07 06:38:15	2017-12-02 16:35:39	2016-03-08 07:03:04	76	11	7
36110636	amqp	https://github.com/evanphx/amqp	2015-05-23 06:43:29	2015-05-23 06:43:30	2015-05-23 06:47:41	0	1	7
3814699	benchmark-ips	https://github.com/evanphx/benchmark-ips	2012-03-24 02:58:55	2017-12-18 00:41:18	2017-10-16 17:06:48	1029	59	7
56174118	benchmark.fyi	https://github.com/evanphx/benchmark.fyi	2016-04-13 17:54:18	2017-10-08 13:58:59	2017-05-13 00:13:47	8	4	7
1574968	benchmark_suite	https://github.com/evanphx/benchmark_suite	2011-04-06 01:02:57	2017-12-01 18:03:22	2012-05-11 15:47:41	48	8	7
27151251	brigade	https://github.com/evanphx/brigade	2014-11-25 23:37:54	2014-11-25 23:37:55	2014-11-25 23:58:29	0	1	7
3382377	callbox	https://github.com/evanphx/callbox	2012-02-07 23:07:22	2014-01-10 14:21:51	2012-02-07 23:12:56	1	1	7
1141863	citrus	https://github.com/evanphx/citrus	2010-12-06 01:47:48	2012-12-16 01:44:49	2010-12-07 05:27:41	3	1	7
50541962	closure-library	https://github.com/evanphx/closure-library	2016-01-27 22:18:37	2016-01-27 22:18:43	2016-01-27 20:24:30	0	0	7
1852983	curb	https://github.com/evanphx/curb	2011-06-06 04:21:18	2013-01-03 14:51:57	2011-06-06 05:08:41	1	1	7
4219286	distance_between	https://github.com/evanphx/distance_between	2012-05-03 21:59:02	2017-04-17 04:11:50	2012-05-07 17:33:08	24	4	7
12006301	docker	https://github.com/evanphx/docker	2013-08-09 17:10:08	2014-07-24 21:22:24	2013-08-18 03:04:03	0	0	7
12228164	dockrun	https://github.com/evanphx/dockrun	2013-08-19 21:33:06	2013-08-20 14:36:23	2013-08-19 21:36:06	0	1	7
42219753	docs	https://github.com/evanphx/docs	2015-09-10 03:27:37	2015-09-10 03:27:38	2015-09-10 03:31:07	0	1	7
90999145	dotfiles	https://github.com/evanphx/dotfiles	2017-05-11 16:10:05	2017-05-11 16:15:07	2017-05-11 16:26:52	0	0	7
919566	dotvim	https://github.com/evanphx/dotvim	2010-09-17 22:23:46	2016-01-08 22:04:56	2016-06-21 17:49:37	5	2	7
22699	dr-nic-magic-awesome	https://github.com/evanphx/dr-nic-magic-awesome	2008-06-05 23:02:45	2017-05-11 05:50:42	2008-06-05 23:02:47	3	0	7
2622905	engineyard	https://github.com/evanphx/engineyard	2011-10-21 20:28:17	2013-01-04 11:59:00	2011-10-21 20:34:18	1	1	7
91984	evanphx.github.com	https://github.com/evanphx/evanphx.github.com	2008-12-17 07:45:14	2016-05-08 19:36:58	2008-12-17 07:46:34	3	1	7
56884831	evanphx.github.io	https://github.com/evanphx/evanphx.github.io	2016-04-22 20:58:09	2016-04-22 21:00:26	2016-04-25 23:02:16	0	1	7
50811115	eventd-rfc	https://github.com/evanphx/eventd-rfc	2016-02-01 03:24:53	2017-07-01 12:34:50	2016-02-15 06:59:44	54	4	7
2955348	excon	https://github.com/evanphx/excon	2011-12-10 21:26:08	2014-05-29 20:51:47	2011-12-16 18:45:05	1	1	7
991290	fb	https://github.com/evanphx/fb	2010-10-15 21:29:27	2012-12-15 08:19:38	2010-10-15 21:30:28	1	0	7
270415	ffi	https://github.com/evanphx/ffi	2009-08-06 05:43:26	2012-12-13 00:04:39	2009-08-05 23:15:18	1	1	7
10832299	ficus	https://github.com/evanphx/ficus	2013-06-21 00:30:27	2014-06-21 18:29:13	2013-06-21 03:55:06	1	1	7
58215	amqp	https://github.com/vanpelt/amqp	2008-10-01 00:12:36	2016-05-08 14:11:00	2008-10-02 23:37:16	4	0	17
17235047	analytics-ruby	https://github.com/vanpelt/analytics-ruby	2014-02-27 03:23:53	2014-02-27 03:23:54	2014-02-20 02:44:00	1	1	17
18422658	api-blueprint	https://github.com/vanpelt/api-blueprint	2014-04-04 00:26:04	2014-04-04 00:26:07	2014-04-03 11:10:56	0	1	17
111990595	apollo-client	https://github.com/vanpelt/apollo-client	2017-11-25 09:05:07	2017-11-25 09:05:11	2017-11-25 01:49:35	0	0	17
27188	async-observer	https://github.com/vanpelt/async-observer	2008-06-20 23:16:43	2016-05-08 09:55:40	2008-06-20 23:16:45	3	1	17
77002473	blueprint	https://github.com/vanpelt/blueprint	2016-12-21 00:40:04	2016-12-21 00:40:07	2016-12-18 21:39:48	0	0	17
4429051	CardMaven	https://github.com/vanpelt/CardMaven	2012-05-24 05:19:36	2016-07-21 12:34:20	2012-05-24 05:21:49	6	4	17
204591	chris-snez	https://github.com/vanpelt/chris-snez	2009-05-19 06:28:14	2013-10-02 01:20:19	2009-08-10 20:10:13	1	1	17
33222	contacts	https://github.com/vanpelt/contacts	2008-07-11 05:33:08	2016-05-08 10:38:21	2008-07-11 05:54:25	2	0	17
2524185	cube	https://github.com/vanpelt/cube	2011-10-06 05:08:47	2013-01-04 09:31:02	2011-10-05 19:17:09	1	1	17
111592185	deepo	https://github.com/vanpelt/deepo	2017-11-21 19:28:07	2017-11-21 14:59:34	2017-11-02 07:42:01	0	0	17
104453	delayed_job	https://github.com/vanpelt/delayed_job	2009-01-10 00:14:42	2016-05-08 21:57:50	2009-01-24 23:11:25	8	5	17
55015	dm-imap-adapter	https://github.com/vanpelt/dm-imap-adapter	2008-09-21 23:22:56	2016-05-08 13:43:49	2017-09-27 00:11:05	13	3	17
4981949	evercookie	https://github.com/vanpelt/evercookie	2012-07-10 23:27:42	2013-01-11 02:44:58	2012-07-18 21:21:18	1	1	17
52435	fancy-zoom	https://github.com/vanpelt/fancy-zoom	2008-09-14 03:34:06	2016-05-08 13:21:39	2008-12-16 22:55:22	7	2	17
83514508	Faster-RCNN_CloudML	https://github.com/vanpelt/Faster-RCNN_CloudML	2017-03-01 05:16:02	2017-06-14 22:55:28	2017-03-02 22:01:16	2	0	17
5533879	guestlist	https://github.com/vanpelt/guestlist	2012-08-23 23:36:54	2013-01-11 22:43:07	2012-08-23 23:39:15	0	1	17
42790	instimage	https://github.com/vanpelt/instimage	2008-08-15 00:17:32	2016-05-08 11:56:37	2008-08-19 00:46:39	2	1	17
79680	jekyll	https://github.com/vanpelt/jekyll	2008-11-22 23:05:02	2016-05-08 17:38:20	2016-07-10 08:19:33	2	0	17
83192655	js-data-cloud-datastore	https://github.com/vanpelt/js-data-cloud-datastore	2017-02-26 07:59:00	2017-02-26 07:59:01	2016-08-24 05:16:26	0	0	17
58484007	js-segment-annotator	https://github.com/vanpelt/js-segment-annotator	2016-05-10 18:21:22	2016-05-10 18:21:23	2016-02-02 01:46:06	0	1	17
29	jsawesome	https://github.com/vanpelt/jsawesome	2008-01-13 06:04:19	2017-07-25 13:12:56	2008-05-29 20:09:36	37	2	17
91264763	KittiSeg	https://github.com/vanpelt/KittiSeg	2017-05-14 18:57:33	2017-05-14 18:57:35	2017-05-15 15:45:35	0	0	17
235619	lyndon	https://github.com/vanpelt/lyndon	2009-06-24 22:56:16	2012-12-12 23:02:54	2009-06-24 06:09:02	1	1	17
83091761	mali	https://github.com/vanpelt/mali	2017-02-24 23:33:05	2017-02-24 23:33:07	2017-02-21 19:34:04	0	0	17
3841	merb-core	https://github.com/vanpelt/merb-core	2008-01-12 05:50:53	2017-07-25 13:13:16	2008-03-26 20:36:57	3	1	17
11218	merb-more	https://github.com/vanpelt/merb-more	2008-04-19 22:24:09	2017-07-27 04:49:33	2008-05-19 18:46:53	3	1	17
3696	merb-plugins	https://github.com/vanpelt/merb-plugins	2008-02-02 11:28:47	2017-07-25 13:13:13	2008-03-26 20:26:35	3	1	17
28012	merb_async_observer	https://github.com/vanpelt/merb_async_observer	2008-06-24 01:59:29	2016-05-08 10:01:52	2008-06-24 02:02:52	4	1	17
5850	merb_facebooker	https://github.com/vanpelt/merb_facebooker	2008-03-30 02:44:34	2017-07-12 20:05:39	2011-10-31 10:04:05	37	17	17
29316799	afero	https://github.com/wayneeseguin/afero	2015-01-15 20:31:17	2017-10-31 16:56:10	2015-01-15 20:33:25	1	1	18
205	alogr	https://github.com/wayneeseguin/alogr	2008-02-01 16:36:54	2017-07-25 13:12:56	2008-03-26 19:10:50	10	1	18
25402715	appfirst-boshrelease	https://github.com/wayneeseguin/appfirst-boshrelease	2014-10-18 16:22:20	2015-06-03 15:13:48	2015-05-17 19:53:12	1	3	18
5745	ar_migration_branches	https://github.com/wayneeseguin/ar_migration_branches	2008-03-28 22:19:26	2017-07-27 04:48:48	2008-10-07 02:25:23	7	2	18
3791	attachmerb_fu	https://github.com/wayneeseguin/attachmerb_fu	2008-02-21 06:32:29	2017-07-25 13:13:16	2008-03-13 18:47:50	4	1	18
603825	authlogic	https://github.com/wayneeseguin/authlogic	2010-04-10 12:52:50	2014-10-30 20:57:30	2010-01-19 06:25:55	1	1	18
206	autozest	https://github.com/wayneeseguin/autozest	2008-02-01 16:37:51	2017-07-25 13:12:56	2008-03-26 19:10:50	6	1	18
35103111	bboshinst	https://github.com/wayneeseguin/bboshinst	2015-05-05 13:58:58	2015-05-05 13:58:58	2015-05-05 14:07:15	0	1	18
32540504	bosh	https://github.com/wayneeseguin/bosh	2015-03-19 18:56:36	2015-06-13 15:05:25	2015-06-13 15:10:17	1	0	18
40715713	bosh-create	https://github.com/wayneeseguin/bosh-create	2015-08-14 13:14:37	2016-02-05 16:09:37	2016-02-05 16:09:36	0	2	18
31613835	bosh-workspace	https://github.com/wayneeseguin/bosh-workspace	2015-03-03 18:21:58	2015-03-03 19:52:36	2015-03-10 19:59:52	0	2	18
2073720	bundler	https://github.com/wayneeseguin/bundler	2011-07-19 18:25:32	2013-01-03 22:12:13	2011-07-19 02:30:08	2	0	18
17672315	cf-acceptance-tests	https://github.com/wayneeseguin/cf-acceptance-tests	2014-03-12 15:40:54	2014-03-12 15:42:35	2014-03-12 15:41:57	1	1	18
21912506	cf-app-logstail	https://github.com/wayneeseguin/cf-app-logstail	2014-07-16 18:36:51	2014-07-16 18:38:49	2014-07-16 18:40:41	0	1	18
31297566	cf-appfirst-buildpack	https://github.com/wayneeseguin/cf-appfirst-buildpack	2015-02-25 04:42:16	2015-02-28 22:18:52	2015-02-28 22:18:52	0	2	18
21245953	cli	https://github.com/wayneeseguin/cli	2014-06-26 15:42:41	2014-06-25 17:29:20	2017-09-27 00:11:16	0	5	18
51490346	concourse-project	https://github.com/wayneeseguin/concourse-project	2016-02-11 02:50:52	2016-02-10 14:08:09	2016-02-11 02:51:48	0	1	18
20502580	datasciencecoursera	https://github.com/wayneeseguin/datasciencecoursera	2014-06-04 22:03:46	2014-06-05 01:08:10	2014-06-05 01:08:10	0	1	18
20506898	datasharing	https://github.com/wayneeseguin/datasharing	2014-06-05 01:08:50	2014-06-05 01:09:20	2013-11-25 16:08:34	0	0	18
31423441	data_retention	https://github.com/wayneeseguin/data_retention	2015-02-27 14:40:59	2015-02-19 02:15:13	2015-02-24 01:40:03	0	2	18
335190	db	https://github.com/wayneeseguin/db	2009-10-12 19:20:13	2012-12-13 02:03:55	\N	1	0	18
335252	dbm	https://github.com/wayneeseguin/dbm	2009-10-12 20:09:46	2012-12-13 02:03:59	\N	1	0	18
4071025	deliver	https://github.com/wayneeseguin/deliver	2012-04-19 02:53:30	2013-11-19 02:53:08	2012-04-19 02:58:53	2	1	18
21012106	docs-bosh	https://github.com/wayneeseguin/docs-bosh	2014-06-19 19:05:41	2014-06-19 19:05:42	2014-06-18 23:16:37	0	1	18
237376	dynamic_reports	https://github.com/wayneeseguin/dynamic_reports	2009-06-27 00:41:46	2017-10-12 17:05:36	2009-08-04 19:49:44	233	23	18
28674088	env	https://github.com/wayneeseguin/env	2014-12-31 20:06:24	2014-12-31 20:06:24	2017-09-27 00:11:22	0	2	18
55162477	env-1	https://github.com/wayneeseguin/env-1	2016-03-31 15:40:46	2016-03-31 15:40:48	2016-03-26 23:45:26	0	1	18
22291102	exdata-project2	https://github.com/wayneeseguin/exdata-project2	2014-07-26 16:38:00	2017-12-15 01:44:48	2014-07-26 16:56:57	2	82	18
21795124	ExData_Plotting1	https://github.com/wayneeseguin/ExData_Plotting1	2014-07-13 16:44:58	2014-07-13 19:45:17	2014-07-13 20:54:06	0	1	18
543222	fish-nuggets	https://github.com/wayneeseguin/fish-nuggets	2010-03-02 17:43:56	2012-12-14 01:49:10	2010-02-26 00:09:51	1	1	18
4588940	active_admin	https://github.com/brynary/active_admin	2012-06-07 18:42:43	2015-01-23 03:09:52	2012-06-07 18:44:56	1	1	19
6974758	active_merchant	https://github.com/brynary/active_merchant	2012-12-03 01:11:17	2015-06-22 17:55:28	2012-12-03 01:12:17	0	1	19
11237765	acts-as-taggable-on	https://github.com/brynary/acts-as-taggable-on	2013-07-07 18:19:46	2013-07-07 18:19:46	2013-05-15 21:09:05	0	1	19
202941	arel	https://github.com/brynary/arel	2009-05-17 02:56:18	2017-11-07 14:54:20	2011-04-30 20:30:53	120	15	19
1465039	artifice	https://github.com/brynary/artifice	2011-03-10 19:37:30	2012-12-25 09:02:13	2010-10-26 00:31:49	1	0	19
341498	asset-trip	https://github.com/brynary/asset-trip	2009-10-18 19:11:39	2014-05-01 16:13:02	2009-12-01 18:13:55	14	2	19
43925066	atlas-examples	https://github.com/brynary/atlas-examples	2015-10-09 01:09:30	2016-06-22 03:46:53	2015-10-04 18:40:43	0	1	19
670928	badger	https://github.com/brynary/badger	2010-05-17 13:21:40	2014-03-23 13:26:29	2010-05-17 13:22:47	2	1	19
2730563	bert	https://github.com/brynary/bert	2011-11-08 00:42:46	2014-07-26 14:48:14	2014-07-24 05:18:47	2	0	19
4915257	bertrpc	https://github.com/brynary/bertrpc	2012-07-05 21:05:54	2013-01-28 05:32:52	2013-01-28 05:32:51	1	0	19
11237438	better_errors	https://github.com/brynary/better_errors	2013-07-07 17:56:29	2013-08-02 07:41:37	2013-07-09 16:01:28	0	1	19
44581060	blackbox	https://github.com/brynary/blackbox	2015-10-20 03:58:53	2015-10-20 03:58:53	2015-10-20 04:59:06	0	1	19
17929768	boot2docker	https://github.com/brynary/boot2docker	2014-03-20 03:37:12	2014-03-20 03:37:13	2014-03-18 13:06:44	0	0	19
11237550	bootstrap-sass	https://github.com/brynary/bootstrap-sass	2013-07-07 18:05:04	2013-12-20 12:57:06	2013-07-17 19:57:56	0	0	19
6833652	brakeman	https://github.com/brynary/brakeman	2012-11-23 22:03:24	2013-12-02 00:29:31	2013-04-07 05:32:53	0	2	19
14514622	breach-mitigation-rails	https://github.com/brynary/breach-mitigation-rails	2013-11-19 04:55:40	2013-11-19 04:55:41	2013-11-06 21:58:12	0	1	19
291857	bundler	https://github.com/brynary/bundler	2009-08-29 18:38:00	2012-12-13 00:54:14	2009-12-17 20:14:55	1	1	19
8261708	bundler-audit	https://github.com/brynary/bundler-audit	2013-02-18 04:34:11	2013-02-18 05:56:47	2013-02-18 04:53:55	0	1	19
89388	cache-money	https://github.com/brynary/cache-money	2008-12-12 05:05:29	2016-05-08 19:10:39	2008-12-18 04:19:07	6	1	19
6915162	call_for_proposals_2013	https://github.com/brynary/call_for_proposals_2013	2012-11-29 04:24:32	2014-06-19 06:27:52	2012-11-29 04:32:23	0	1	19
4862783	cancan	https://github.com/brynary/cancan	2012-07-02 17:31:21	2013-01-10 22:39:03	2012-07-02 17:32:05	1	1	19
6708789	capistrano	https://github.com/brynary/capistrano	2012-11-15 17:40:24	2013-04-02 19:03:58	2012-11-15 17:42:04	0	0	19
4877742	capybara	https://github.com/brynary/capybara	2012-07-03 21:31:36	2016-11-15 09:32:00	2012-07-03 21:33:04	2	1	19
4877683	carrierwave	https://github.com/brynary/carrierwave	2012-07-03 21:25:58	2013-01-10 23:17:01	2012-07-03 21:36:21	2	0	19
3253993	cells	https://github.com/brynary/cells	2012-01-24 07:28:43	2016-12-09 13:08:46	2011-12-21 12:01:10	1	1	19
34124506	checkmate	https://github.com/brynary/checkmate	2015-04-17 15:33:03	2015-04-17 15:33:03	2017-09-27 00:11:45	0	2	19
453847	chef	https://github.com/brynary/chef	2009-12-30 21:58:20	2012-12-13 21:17:41	2009-12-30 22:00:54	1	1	19
6160232	clippy	https://github.com/brynary/clippy	2012-10-10 16:14:48	2016-06-14 19:35:36	2012-10-10 16:16:45	1	1	19
47726462	codeclimate	https://github.com/brynary/codeclimate	2015-12-09 23:48:43	2015-12-09 23:48:43	2015-12-09 23:49:33	0	1	19
47726819	codeclimate-phpmd	https://github.com/brynary/codeclimate-phpmd	2015-12-09 23:59:15	2015-12-09 23:59:15	2017-09-27 00:11:49	0	2	19
96278	chordal	https://github.com/kevinclark/chordal	2008-12-24 09:30:28	2016-05-08 20:25:43	2008-12-25 05:06:25	7	1	20
12006546	docker	https://github.com/kevinclark/docker	2013-08-09 17:21:42	2014-07-24 21:22:24	2013-08-17 19:27:35	0	0	20
12028377	docker-registry	https://github.com/kevinclark/docker-registry	2013-08-10 23:19:38	2014-07-25 12:26:33	2013-08-10 23:36:32	0	1	20
55214	dotfiles	https://github.com/kevinclark/dotfiles	2008-09-22 16:28:53	2016-05-08 13:46:12	2013-01-29 20:32:09	2	1	20
21180	dust	https://github.com/kevinclark/dust	2008-06-01 00:43:28	2017-11-20 15:10:29	2009-03-19 03:34:41	65	5	20
140227	glu.ttono.us	https://github.com/kevinclark/glu.ttono.us	2009-03-01 03:53:04	2016-05-09 04:33:25	2009-03-03 11:10:26	2	1	20
305	god	https://github.com/kevinclark/god	2008-01-13 05:16:23	2017-07-25 13:12:57	2008-06-30 21:03:00	4	0	20
11417037	indexer	https://github.com/kevinclark/indexer	2013-07-15 07:11:31	2014-05-30 12:18:34	2013-07-15 16:44:43	0	1	20
97666	iospec2	https://github.com/kevinclark/iospec2	2008-12-29 00:32:36	2016-05-08 20:42:29	2008-12-29 23:12:34	5	1	20
1844547	janus	https://github.com/kevinclark/janus	2011-06-03 21:02:37	2014-05-30 12:18:34	2011-10-24 21:53:37	1	1	20
539685	kata	https://github.com/kevinclark/kata	2010-02-28 11:26:09	2014-05-30 12:18:34	2010-03-10 18:11:25	1	1	20
3969899	Lesson-Plans	https://github.com/kevinclark/Lesson-Plans	2012-04-09 07:32:16	2017-07-09 18:42:16	2013-01-28 19:57:29	16	11	20
1954084	metrics	https://github.com/kevinclark/metrics	2011-06-25 23:47:50	2014-05-30 12:18:34	2011-08-16 02:47:30	1	1	20
153976	nitpick	https://github.com/kevinclark/nitpick	2009-03-19 03:00:14	2017-03-09 11:02:11	2009-03-21 21:54:49	53	4	20
450576	project_euler	https://github.com/kevinclark/project_euler	2009-12-28 02:17:24	2014-05-30 12:18:34	2010-09-08 17:04:26	2	1	20
1596548	redis-py	https://github.com/kevinclark/redis-py	2011-04-10 22:28:55	2014-05-30 12:18:34	2017-09-27 00:12:07	1	2	20
20807	robot-army	https://github.com/kevinclark/robot-army	2008-05-30 17:46:52	2017-05-11 05:50:33	2008-05-31 00:30:34	2	1	20
3243	ruby-kqueue	https://github.com/kevinclark/ruby-kqueue	2008-03-10 02:11:24	2017-07-25 13:13:09	2008-04-03 03:04:36	28	4	20
4148751	snake3	https://github.com/kevinclark/snake3	2012-04-26 14:55:47	2014-05-30 12:18:35	2012-04-26 15:04:31	1	1	20
973829	Stat-Aggregator	https://github.com/kevinclark/Stat-Aggregator	2010-10-09 03:56:04	2014-05-30 12:18:35	2010-10-12 07:05:35	2	1	20
1772059	Tiny-Dropwizard-Example	https://github.com/kevinclark/Tiny-Dropwizard-Example	2011-05-19 15:58:37	2015-05-01 02:35:41	2011-10-07 16:43:49	10	2	20
3582580	15	https://github.com/technoweenie/15	2012-02-29 14:53:49	2014-05-27 13:23:52	2012-03-16 22:24:05	2	2	21
3779940	activesupport_notifications_backport	https://github.com/technoweenie/activesupport_notifications_backport	2012-03-20 20:56:35	2015-11-05 01:43:43	2015-02-13 18:27:11	10	3	21
2374	active_record_context	https://github.com/technoweenie/active_record_context	2008-03-04 04:44:14	2017-07-25 13:13:05	2008-03-26 19:43:39	5	4	21
2377	acts_as_versioned	https://github.com/technoweenie/acts_as_versioned	2008-03-04 04:49:32	2017-11-20 12:47:42	2012-04-11 14:47:04	411	157	21
1360167	allofthestars	https://github.com/technoweenie/allofthestars	2011-02-12 22:53:02	2017-11-13 14:01:47	2011-03-29 02:27:54	43	7	21
25060	app_bootstrap	https://github.com/technoweenie/app_bootstrap	2008-06-13 18:51:16	2016-09-22 18:46:08	2008-06-23 17:56:42	29	5	21
36246592	assert	https://github.com/technoweenie/assert	2015-05-25 18:10:08	2016-05-23 21:24:25	2016-05-23 21:24:24	1	2	21
585087	astrotrain	https://github.com/technoweenie/astrotrain	2010-03-29 16:42:05	2017-02-07 22:59:55	2017-01-31 18:49:10	27	9	21
43	attachment_fu	https://github.com/technoweenie/attachment_fu	2008-01-14 14:51:56	2017-11-23 11:50:04	2017-03-28 00:48:29	1032	310	21
3113125	beautiful-docs	https://github.com/technoweenie/beautiful-docs	2012-01-05 20:43:17	2014-12-22 21:56:33	2012-01-05 20:44:51	7	2	21
41045793	blog	https://github.com/technoweenie/blog	2015-08-19 16:25:04	2015-08-19 16:25:05	2015-08-19 15:17:28	0	1	21
66007524	brew	https://github.com/technoweenie/brew	2016-08-18 15:13:27	2016-08-18 15:13:29	2016-08-18 14:29:59	0	0	21
3583198	call-for-proposals	https://github.com/technoweenie/call-for-proposals	2012-02-29 15:56:23	2016-05-02 21:47:25	2012-02-29 18:10:11	2	3	21
8793233	camo.go	https://github.com/technoweenie/camo.go	2013-03-15 06:08:58	2014-05-27 13:23:52	2013-03-26 17:12:46	3	2	21
7135	can_search	https://github.com/technoweenie/can_search	2008-04-05 08:13:03	2017-09-20 11:42:49	2017-09-27 00:12:16	96	7	21
2873331	celluloid	https://github.com/technoweenie/celluloid	2011-11-29 07:40:47	2014-05-27 13:23:52	2011-11-29 07:41:05	1	1	21
1419404	chat_gram	https://github.com/technoweenie/chat_gram	2011-02-27 22:39:46	2017-08-30 19:32:17	2013-12-16 15:49:48	19	10	21
1025350	coffee-resque	https://github.com/technoweenie/coffee-resque	2010-10-26 12:45:07	2017-11-27 14:17:52	2015-10-02 10:47:01	562	47	21
796686	coffee-sprites	https://github.com/technoweenie/coffee-sprites	2010-07-25 15:45:26	2014-05-27 13:23:52	2010-07-25 15:46:10	7	3	21
71396	context_on_crack	https://github.com/technoweenie/context_on_crack	2008-11-04 06:41:16	2015-11-05 05:52:40	2008-11-04 06:48:04	11	4	21
151188	cronwtf	https://github.com/technoweenie/cronwtf	2009-03-15 05:30:56	2017-08-08 12:46:37	2015-09-30 22:39:25	84	13	21
22359441	dangerroom	https://github.com/technoweenie/dangerroom	2014-07-28 22:02:49	2015-11-16 16:34:18	2014-10-10 23:30:26	7	2	21
598176	dealer.js	https://github.com/technoweenie/dealer.js	2010-04-07 02:06:39	2016-12-15 09:22:30	2010-07-22 23:49:24	20	7	21
27607751	dummy-repo	https://github.com/technoweenie/dummy-repo	2014-12-05 19:58:54	2014-12-05 19:58:54	2016-10-01 17:35:43	0	1	21
105	duplikate	https://github.com/technoweenie/duplikate	2008-01-25 20:21:40	2017-07-25 13:12:56	2008-04-10 14:51:49	23	2	21
3599334	elixir-lang.github.com	https://github.com/technoweenie/elixir-lang.github.com	2012-03-02 05:01:34	2015-06-21 21:48:20	2012-03-02 05:02:21	1	2	21
3599691	elixir-rubyports	https://github.com/technoweenie/elixir-rubyports	2012-03-02 06:05:54	2014-05-27 13:23:52	2012-03-02 07:05:47	3	2	21
1298439	emoji-css-builder	https://github.com/technoweenie/emoji-css-builder	2011-01-27 09:13:16	2015-11-05 03:14:49	2011-01-27 09:24:11	29	4	21
14824908	etcd	https://github.com/technoweenie/etcd	2013-11-30 17:09:31	2014-09-09 03:28:12	2013-12-02 13:44:01	0	0	21
617923	fab	https://github.com/technoweenie/fab	2010-04-19 15:11:36	2014-06-10 12:13:58	2010-09-25 00:36:53	2	2	21
20005399	bingo	https://github.com/macournoyer/bingo	2014-05-21 02:36:34	2015-02-20 14:54:33	2015-01-19 15:37:39	1	0	22
6603281	cache_digests	https://github.com/macournoyer/cache_digests	2012-11-08 21:00:51	2013-02-07 20:00:34	2012-11-08 21:41:50	0	1	22
551544	confoo	https://github.com/macournoyer/confoo	2010-03-07 21:26:05	2014-05-15 07:21:02	2010-03-12 02:36:33	6	0	22
212097	em-spec	https://github.com/macournoyer/em-spec	2009-05-28 00:55:11	2015-11-05 13:14:22	2009-05-28 00:59:54	3	1	22
8736610	eventmachine	https://github.com/macournoyer/eventmachine	2013-03-12 19:36:39	2017-10-17 16:11:03	2013-03-12 20:08:00	1	1	22
12608121	fast_output_buffer	https://github.com/macournoyer/fast_output_buffer	2013-09-05 03:10:57	2016-09-22 18:50:09	2013-09-05 17:51:05	22	2	22
2640495	faye	https://github.com/macournoyer/faye	2011-10-25 01:27:19	2013-01-04 12:19:06	2011-10-25 02:09:23	1	0	22
265153	gh-contest	https://github.com/macournoyer/gh-contest	2009-07-30 21:27:03	2014-01-04 18:39:50	2009-07-30 21:43:39	1	0	22
18243904	html_ruby	https://github.com/macournoyer/html_ruby	2014-03-29 15:20:56	2014-04-25 00:13:22	2014-03-29 15:44:37	0	1	22
377	invisible	https://github.com/macournoyer/invisible	2008-02-09 18:38:52	2017-07-12 20:10:41	2009-03-25 01:32:40	49	9	22
104475	iolounge	https://github.com/macournoyer/iolounge	2009-01-10 01:22:17	2016-05-08 21:57:57	2009-01-10 01:22:22	2	1	22
217626	is_taggable	https://github.com/macournoyer/is_taggable	2009-06-03 17:33:37	2012-12-12 22:32:23	2009-06-03 17:46:19	2	1	22
4847140	libuv	https://github.com/macournoyer/libuv	2012-07-01 01:57:56	2015-01-21 22:30:31	2012-06-30 01:27:40	1	0	22
59438	llvmruby	https://github.com/macournoyer/llvmruby	2008-10-04 04:16:07	2016-05-08 14:21:36	2008-10-24 02:20:59	9	0	22
86852	macournoyer.com	https://github.com/macournoyer/macournoyer.com	2008-12-08 05:47:35	2016-05-08 18:47:05	2013-08-23 16:20:19	9	1	22
94393	macournoyer.github.com	https://github.com/macournoyer/macournoyer.github.com	2008-12-20 13:51:48	2015-11-05 14:50:28	2008-12-21 03:32:32	4	0	22
18455	meshu	https://github.com/macournoyer/meshu	2008-05-21 00:17:31	2016-05-11 21:31:57	2008-05-21 00:21:42	3	0	22
97394	min	https://github.com/macournoyer/min	2008-12-28 06:56:31	2017-11-26 04:10:20	2014-07-18 14:58:24	93	10	22
866	mor7	https://github.com/macournoyer/mor7	2008-02-20 18:59:41	2017-07-25 13:12:59	2008-03-26 19:17:36	3	0	22
3202538	mtlrb-jan12	https://github.com/macournoyer/mtlrb-jan12	2012-01-17 19:52:20	2013-12-05 22:38:38	2012-01-18 13:52:10	3	1	22
386983	mysql_s3_backup	https://github.com/macournoyer/mysql_s3_backup	2009-11-26 23:01:51	2017-01-16 12:07:01	2009-11-27 03:55:08	21	6	22
389927	nanodb	https://github.com/macournoyer/nanodb	2009-11-30 07:18:38	2017-08-11 14:41:49	2009-11-30 07:19:08	14	3	22
44709583	neuralconvo	https://github.com/macournoyer/neuralconvo	2015-10-21 23:08:43	2017-12-18 06:54:48	2017-04-18 05:48:37	675	286	22
75564576	nn.rb	https://github.com/macournoyer/nn.rb	2016-12-04 21:06:54	2017-11-30 14:41:37	2017-10-17 16:13:24	18	3	22
473972	node-cusec	https://github.com/macournoyer/node-cusec	2010-01-15 18:26:00	2014-05-01 15:55:43	2010-01-23 03:27:30	4	0	22
5497901	node-syscalls	https://github.com/macournoyer/node-syscalls	2012-08-21 16:37:25	2015-05-11 03:06:19	2015-10-14 21:03:50	5	0	22
66150	orange	https://github.com/macournoyer/orange	2008-10-22 04:56:59	2017-07-27 07:01:06	2008-10-29 03:08:28	53	1	22
145007	peg	https://github.com/macournoyer/peg	2009-03-07 04:27:08	2016-05-09 05:33:46	2009-04-05 03:43:57	5	0	22
16564908	pong	https://github.com/macournoyer/pong	2014-02-06 01:22:17	2014-03-05 05:33:48	2014-03-05 05:33:47	0	1	22
2798865	preforker	https://github.com/macournoyer/preforker	2011-11-17 21:46:49	2013-01-04 16:15:53	2011-11-17 21:48:36	1	0	22
1340328	Brief	https://github.com/takeo/Brief	2011-02-08 01:19:49	2012-12-17 23:51:14	2011-02-14 18:49:18	1	1	23
52129238	ChromeAutoTextExpander	https://github.com/takeo/ChromeAutoTextExpander	2016-02-20 01:06:36	2016-04-19 15:06:12	2016-03-03 03:53:48	1	1	23
696175	GoogleAnalyticsProxy	https://github.com/takeo/GoogleAnalyticsProxy	2010-05-31 21:56:35	2012-12-14 17:52:21	2009-11-01 18:55:21	1	1	23
12777	googlecharts	https://github.com/takeo/googlecharts	2008-04-27 04:19:08	2016-05-11 21:31:29	2008-05-09 06:31:09	4	1	23
29680	jquery-hotkeys	https://github.com/takeo/jquery-hotkeys	2008-06-29 09:11:50	2016-05-08 10:13:03	2008-06-29 09:17:07	2	1	23
730019	laterstars-for-safari	https://github.com/takeo/laterstars-for-safari	2010-06-20 02:10:30	2012-12-14 19:07:20	2010-06-20 21:18:37	1	1	23
11516896	MooTune	https://github.com/takeo/MooTune	2013-07-19 00:34:14	2013-09-03 23:01:32	2013-09-03 22:56:36	0	1	23
494173	MooZoom	https://github.com/takeo/MooZoom	2010-01-29 20:27:35	2013-10-12 10:40:29	2010-01-08 22:22:19	1	1	23
45642	outlook-with-attitude	https://github.com/takeo/outlook-with-attitude	2008-08-25 03:35:03	2016-05-08 12:21:17	2008-11-13 21:22:34	7	4	23
136044	permanent_records	https://github.com/takeo/permanent_records	2009-02-24 05:30:11	2016-05-09 03:43:53	2008-07-05 04:27:39	2	1	23
27650176	rdify	https://github.com/takeo/rdify	2014-12-06 21:46:22	2014-12-06 21:46:23	2012-04-25 21:57:10	0	1	23
3022566	redmine_client	https://github.com/takeo/redmine_client	2011-12-20 21:11:56	2014-02-05 23:59:50	2011-12-20 21:36:56	2	1	23
109243	select-autocompleter	https://github.com/takeo/select-autocompleter	2009-01-17 08:22:09	2016-05-08 22:52:40	2009-01-18 05:16:46	2	1	23
50206681	starter-ruby-bot	https://github.com/takeo/starter-ruby-bot	2016-01-22 20:48:13	2016-01-22 21:15:41	2016-01-22 20:50:18	1	1	23
39090	steezy-pibb	https://github.com/takeo/steezy-pibb	2008-08-01 04:26:22	2016-05-08 11:24:37	2008-11-03 19:12:30	2	0	23
7292051	takeo.github.com	https://github.com/takeo/takeo.github.com	2012-12-23 05:15:01	2013-03-06 04:06:09	2013-03-06 04:06:09	0	1	23
503213	TextboxList	https://github.com/takeo/TextboxList	2010-02-05 00:56:55	2012-12-13 22:50:29	2009-12-10 11:23:00	1	1	23
2535600	ValidateSimple	https://github.com/takeo/ValidateSimple	2011-10-07 22:06:50	2014-02-05 23:59:55	2011-10-19 18:39:05	1	1	23
5515698	warden	https://github.com/takeo/warden	2012-08-22 21:36:39	2013-01-11 22:09:29	2012-06-16 12:24:09	0	1	23
137798	aixmlserialize	https://github.com/Caged/aixmlserialize	2009-02-26 00:46:19	2017-07-21 12:12:01	2009-03-08 22:29:49	11	2	25
1615857	asset	https://github.com/Caged/asset	2011-04-14 19:31:47	2014-03-24 13:02:12	2011-05-24 19:03:09	3	1	25
51460686	bash-test	https://github.com/Caged/bash-test	2016-02-10 18:11:56	2016-02-10 18:12:02	2016-02-10 18:15:21	0	0	25
7313553	bbref-graphs	https://github.com/Caged/bbref-graphs	2012-12-25 03:06:19	2015-02-09 15:17:28	2012-12-30 19:39:32	2	2	25
66773693	canvas-examples	https://github.com/Caged/canvas-examples	2016-08-28 14:49:45	2016-08-28 14:49:52	2017-08-16 03:24:10	0	0	25
38092994	cartile	https://github.com/Caged/cartile	2015-06-26 05:42:15	2015-06-26 05:42:33	2015-06-28 01:26:13	0	0	25
13907055	census-tools	https://github.com/Caged/census-tools	2013-10-27 17:42:20	2014-06-12 23:21:00	2015-06-17 03:38:54	0	0	25
14038218	cfb-recruiting	https://github.com/Caged/cfb-recruiting	2013-11-01 07:48:50	2015-11-19 04:04:24	2015-11-20 20:00:08	0	0	25
30319091	choropleth	https://github.com/Caged/choropleth	2015-02-04 20:20:05	2015-02-04 21:34:59	2015-02-04 21:34:59	0	0	25
89715259	citylist	https://github.com/Caged/citylist	2017-04-28 14:43:18	2017-04-29 00:48:33	2017-06-06 20:32:06	0	0	25
40424533	civil-rights	https://github.com/Caged/civil-rights	2015-08-09 03:50:25	2015-08-09 14:53:54	2015-08-09 03:54:51	0	0	25
120890	cocos2d-game	https://github.com/Caged/cocos2d-game	2009-02-03 18:50:59	2016-05-09 00:56:50	2009-02-03 19:09:03	17	1	25
67446443	color-wander	https://github.com/Caged/color-wander	2016-09-05 19:39:21	2016-09-05 19:39:22	2016-09-06 02:49:53	0	0	25
1988700	compass	https://github.com/Caged/compass	2011-07-02 19:01:25	2014-03-24 13:26:20	2011-07-02 20:27:41	1	0	25
232838	concurrent-nsoperation	https://github.com/Caged/concurrent-nsoperation	2009-06-21 19:39:09	2017-03-06 12:02:56	2011-05-03 20:59:58	8	1	25
42401888	construction	https://github.com/Caged/construction	2015-09-13 15:49:12	2015-09-13 15:49:17	2015-09-18 16:25:41	0	0	25
20005691	council-report	https://github.com/Caged/council-report	2014-05-21 02:47:09	2014-05-31 20:06:15	2014-05-31 20:06:15	3	4	25
36240566	county-stat	https://github.com/Caged/county-stat	2015-05-25 16:03:44	2017-02-11 04:25:23	2015-06-17 03:40:31	2	0	25
21328459	csv2psql	https://github.com/Caged/csv2psql	2014-06-29 17:37:07	2014-06-20 19:12:37	2014-06-29 17:53:58	0	2	25
4730073	cubism	https://github.com/Caged/cubism	2012-06-20 18:58:11	2014-03-24 13:00:52	2015-03-10 16:52:52	2	0	25
1569206	d3	https://github.com/Caged/d3	2011-04-04 21:20:34	2016-05-13 15:58:00	2012-11-16 20:25:38	3	0	25
34823784	d3-grid	https://github.com/Caged/d3-grid	2015-04-29 23:32:40	2015-04-29 23:32:41	2015-04-29 23:45:36	0	0	25
12900888	d3-plugins	https://github.com/Caged/d3-plugins	2013-09-17 16:40:27	2014-08-18 14:03:18	2013-08-22 04:53:51	2	1	25
3127051	d3-tip	https://github.com/Caged/d3-tip	2012-01-07 22:22:34	2017-12-09 06:20:23	2017-10-30 20:15:31	974	301	25
1867023	d3line	https://github.com/Caged/d3line	2011-06-08 18:54:49	2016-12-09 01:47:03	2011-06-13 19:18:52	5	1	25
12420682	datavis-template	https://github.com/Caged/datavis-template	2013-08-28 00:23:51	2014-06-05 22:14:43	2014-04-15 03:46:29	3	0	25
287325	dragnet	https://github.com/Caged/dragnet	2009-08-25 06:03:31	2014-02-09 03:43:07	2017-09-27 00:12:38	2	2	25
937898	ecsv	https://github.com/Caged/ecsv	2010-09-25 06:06:19	2016-11-10 11:44:33	2010-09-25 20:13:35	3	1	25
75017	emergence	https://github.com/Caged/emergence	2008-11-12 19:48:41	2016-05-08 16:46:58	2010-01-22 19:47:39	4	3	25
5720023	emitter	https://github.com/Caged/emitter	2012-09-07 17:25:05	2014-03-24 13:36:25	2012-09-07 17:34:34	0	0	25
12883883	angular-seed	https://github.com/topfunky/angular-seed	2013-09-17 01:59:58	2014-04-27 16:46:22	2013-09-17 02:02:22	1	1	26
24363	ar_fixtures	https://github.com/topfunky/ar_fixtures	2008-06-11 16:37:27	2016-07-01 21:13:45	2008-11-13 21:06:55	68	22	26
496363	async_observer	https://github.com/topfunky/async_observer	2010-01-31 18:20:26	2012-12-13 22:38:03	2010-01-31 19:24:57	3	1	26
1485429	backbone-couchdb	https://github.com/topfunky/backbone-couchdb	2011-03-16 01:05:17	2012-12-25 10:03:32	2011-03-16 01:13:54	2	1	26
3677228	barista	https://github.com/topfunky/barista	2012-03-10 03:57:55	2013-01-08 04:00:12	2012-03-10 03:59:52	2	1	26
52452	basic_model	https://github.com/topfunky/basic_model	2008-09-14 04:55:19	2013-10-15 01:20:31	2008-09-14 05:28:24	53	12	26
1441793	bigapp	https://github.com/topfunky/bigapp	2011-03-05 00:50:18	2014-06-15 03:36:09	2011-03-05 00:50:41	2	1	26
68860702	blog-comments	https://github.com/topfunky/blog-comments	2016-09-21 21:52:53	2017-06-19 15:32:16	2016-09-21 21:52:53	1	0	26
1123747	cache.js	https://github.com/topfunky/cache.js	2010-11-29 23:10:56	2013-02-04 08:19:31	2010-11-29 23:43:25	3	1	26
74011	calendar_helper	https://github.com/topfunky/calendar_helper	2008-11-10 19:56:22	2017-12-04 21:37:22	2014-12-29 11:57:40	382	97	26
243881	cappuccino	https://github.com/topfunky/cappuccino	2009-07-05 21:45:29	2012-12-12 23:17:29	2009-08-27 03:52:43	2	1	26
323654	cappuccino-couchdb	https://github.com/topfunky/cappuccino-couchdb	2009-10-01 17:22:52	2017-06-22 03:00:46	2009-10-12 05:13:16	65	6	26
6130210	cascadiajs.github.com	https://github.com/topfunky/cascadiajs.github.com	2012-10-08 19:53:36	2013-01-12 14:12:13	2012-10-08 20:02:41	0	1	26
51348	castanaut	https://github.com/topfunky/castanaut	2008-09-10 18:20:46	2016-05-08 13:10:51	2009-03-27 16:49:35	10	1	26
231076	categories	https://github.com/topfunky/categories	2009-06-19 02:45:38	2017-07-04 09:00:31	2009-08-20 20:49:22	5	3	26
601541	choctop	https://github.com/topfunky/choctop	2010-04-08 21:56:35	2012-12-14 03:38:21	2010-05-27 15:25:07	7	1	26
665476	CocoaHelpDemo	https://github.com/topfunky/CocoaHelpDemo	2010-05-13 22:31:48	2012-12-14 16:50:48	2010-05-13 22:32:02	4	1	26
51470	couchrest	https://github.com/topfunky/couchrest	2008-09-11 00:18:30	2016-05-08 13:12:53	2008-09-12 22:34:36	5	4	26
11537130	css_graphs	https://github.com/topfunky/css_graphs	2013-07-19 21:02:01	2014-01-19 04:38:53	2013-07-19 21:03:15	0	1	26
332394	datamapper.github.com	https://github.com/topfunky/datamapper.github.com	2009-10-09 18:48:52	2012-12-13 01:59:12	2009-10-09 18:54:27	2	1	26
3642919	demo-mocha-watch-bug	https://github.com/topfunky/demo-mocha-watch-bug	2012-03-06 21:34:29	2014-04-27 08:59:32	2012-03-06 21:43:00	2	1	26
3802284	demo-simplest-socket-io	https://github.com/topfunky/demo-simplest-socket-io	2012-03-22 20:55:36	2013-12-03 20:58:45	2012-03-22 20:57:07	4	3	26
3542282	demo-vows-callbacks	https://github.com/topfunky/demo-vows-callbacks	2012-02-25 04:01:20	2013-12-05 00:42:29	2012-02-25 04:11:56	2	1	26
10773402	elixir-lang.github.com	https://github.com/topfunky/elixir-lang.github.com	2013-06-18 20:57:59	2013-06-19 06:10:46	2013-06-18 21:26:39	0	1	26
7345551	ember-tunes-noodling	https://github.com/topfunky/ember-tunes-noodling	2012-12-27 20:29:33	2013-01-13 20:36:21	2012-12-27 20:32:44	0	1	26
7344703	ember.js	https://github.com/topfunky/ember.js	2012-12-27 19:12:48	2013-01-13 20:35:00	2013-01-05 04:47:15	0	0	26
104242308	exercism-projects	https://github.com/topfunky/exercism-projects	2017-09-20 16:46:07	2017-09-20 17:00:35	2017-10-12 07:25:02	0	0	26
3435737	geddy	https://github.com/topfunky/geddy	2012-02-14 00:41:11	2014-02-05 23:11:02	2012-02-14 00:43:22	2	2	26
3435773	geddy-coffee-script-demo	https://github.com/topfunky/geddy-coffee-script-demo	2012-02-14 00:47:27	2017-05-23 02:04:54	2012-02-14 01:03:24	4	1	26
661811	gfxCardStatus	https://github.com/topfunky/gfxCardStatus	2010-05-12 00:18:30	2012-12-14 16:42:40	2010-05-26 17:50:59	4	2	26
2133592	anotherjesse.github.com	https://github.com/anotherjesse/anotherjesse.github.com	2011-07-31 19:58:35	2013-05-07 18:00:30	2011-07-31 22:20:28	3	3	27
5309981	ansible	https://github.com/anotherjesse/ansible	2012-08-06 04:10:22	2013-01-11 14:50:43	2012-11-03 16:16:15	2	0	27
10428072	ansible-playbook-gitlab	https://github.com/anotherjesse/ansible-playbook-gitlab	2013-06-01 20:30:11	2013-06-01 20:30:11	2013-04-23 21:07:56	0	1	27
5333218	ansible.github.com	https://github.com/anotherjesse/ansible.github.com	2012-08-07 20:34:36	2013-01-11 15:39:40	2012-08-07 22:49:20	0	1	27
326479	bb-site	https://github.com/anotherjesse/bb-site	2009-10-04 19:18:35	2017-05-21 04:35:35	2010-01-06 22:13:16	5	3	27
38046	beboist	https://github.com/anotherjesse/beboist	2008-07-28 23:46:29	2012-12-12 17:33:58	2008-07-28 23:47:47	2	2	27
270437	big-brother	https://github.com/anotherjesse/big-brother	2009-08-06 06:21:35	2014-02-20 07:43:45	2009-08-06 17:49:50	2	1	27
325175	bookburro	https://github.com/anotherjesse/bookburro	2009-10-03 00:57:30	2013-10-09 12:49:12	2010-03-28 22:59:06	14	8	27
28357	caltrain	https://github.com/anotherjesse/caltrain	2008-06-24 23:18:43	2014-02-22 12:46:45	2008-06-25 07:06:04	2	2	27
484808	chrome-s3	https://github.com/anotherjesse/chrome-s3	2010-01-23 05:16:59	2016-05-04 06:09:31	2011-06-26 03:27:12	4	14	27
486177	chromr	https://github.com/anotherjesse/chromr	2010-01-24 10:54:16	2017-05-26 06:24:31	2010-01-27 23:07:29	5	4	27
5954569	cloudenvy	https://github.com/anotherjesse/cloudenvy	2012-09-25 18:33:52	2013-01-12 10:08:18	2012-09-25 07:44:28	0	1	27
306157	Cointoss-Ruby	https://github.com/anotherjesse/Cointoss-Ruby	2009-09-14 01:19:02	2012-12-13 01:18:43	2009-09-14 01:31:23	2	1	27
70666	contacts	https://github.com/anotherjesse/contacts	2008-11-02 10:17:48	2014-01-18 20:06:43	2008-11-02 11:01:31	4	2	27
3004375	cuisine	https://github.com/anotherjesse/cuisine	2011-12-18 03:30:21	2013-01-04 22:07:43	2011-12-04 16:37:12	2	1	27
1810684	dotfiles	https://github.com/anotherjesse/dotfiles	2011-05-27 16:48:17	2014-12-01 04:35:31	2014-12-01 04:35:30	2	1	27
25578	droplet	https://github.com/anotherjesse/droplet	2008-06-16 01:48:17	2013-10-03 18:00:56	2008-06-16 01:49:47	3	1	27
902	elasticfox	https://github.com/anotherjesse/elasticfox	2008-02-21 10:02:53	2017-07-25 13:12:59	2008-03-26 19:17:54	9	3	27
574337	erlanguniversity	https://github.com/anotherjesse/erlanguniversity	2010-03-22 17:27:49	2017-06-05 17:47:12	2010-03-23 17:16:22	2	1	27
419983	erlws	https://github.com/anotherjesse/erlws	2009-12-11 17:43:35	2017-05-21 05:25:51	2009-12-11 20:19:28	4	1	27
555495	etherpad	https://github.com/anotherjesse/etherpad	2010-03-10 06:32:14	2012-12-14 02:11:09	2010-03-11 07:13:04	3	2	27
249535	euler	https://github.com/anotherjesse/euler	2009-07-12 23:02:01	2015-12-04 22:43:44	2009-08-09 18:31:41	3	1	27
429	exception_logger	https://github.com/anotherjesse/exception_logger	2008-01-14 03:32:19	2017-07-25 13:12:58	2008-03-26 19:14:14	4	3	27
600	finally	https://github.com/anotherjesse/finally	2008-02-15 23:06:02	2017-07-25 13:12:58	2008-03-26 19:15:17	6	2	27
27233	firenomics	https://github.com/anotherjesse/firenomics	2008-06-21 04:23:58	2013-10-10 18:17:54	2009-05-17 23:18:03	11	6	27
136085	flashlitebox	https://github.com/anotherjesse/flashlitebox	2009-02-24 06:56:10	2013-12-10 16:53:30	2009-02-24 09:15:12	8	2	27
468049	fluidium	https://github.com/anotherjesse/fluidium	2010-01-11 22:13:15	2017-06-05 17:23:31	2010-01-11 06:44:49	2	1	27
49814	fobliki	https://github.com/anotherjesse/fobliki	2008-09-06 05:36:29	2013-11-06 17:17:57	2008-09-06 05:43:55	12	5	27
56	fotomatic	https://github.com/anotherjesse/fotomatic	2008-01-15 08:22:24	2017-07-25 13:12:56	2008-03-26 19:09:10	9	3	27
54	foxtracs	https://github.com/anotherjesse/foxtracs	2008-01-15 08:18:59	2017-07-25 13:12:56	2008-06-13 05:37:35	13	2	27
2064323	Carousel	https://github.com/roland/Carousel	2011-07-18 03:34:10	2013-11-19 09:39:53	2011-07-18 03:41:34	5	1	28
13734705	formflow	https://github.com/roland/formflow	2013-10-21 06:36:11	2014-05-19 23:21:20	2013-10-22 05:17:54	0	1	28
3664937	HttpBuildQuery	https://github.com/roland/HttpBuildQuery	2012-03-08 22:11:04	2017-03-16 05:58:30	2017-08-16 21:14:21	6	2	28
48835316	SHFB	https://github.com/roland/SHFB	2015-12-31 05:36:51	2015-12-31 05:36:58	2015-12-29 06:33:09	0	0	28
3986723	ShowTracker	https://github.com/roland/ShowTracker	2012-04-10 20:25:29	2014-06-27 12:44:32	2012-04-10 20:32:47	2	1	28
43979131	silentauction-php	https://github.com/roland/silentauction-php	2015-10-09 20:40:52	2015-10-09 21:00:56	2015-10-09 21:00:55	0	0	28
3008991	TestServiceStackService	https://github.com/roland/TestServiceStackService	2011-12-19 00:54:39	2013-10-21 13:13:25	2011-12-19 03:11:28	1	1	28
68656631	container-demo	https://github.com/lukas/container-demo	2016-09-19 23:59:38	2016-09-20 00:01:12	2016-09-20 00:01:11	0	0	29
96162235	demo	https://github.com/lukas/demo	2017-07-04 01:10:41	2017-07-04 01:16:19	2017-08-23 22:45:34	0	0	29
83268783	facerec	https://github.com/lukas/facerec	2017-02-27 04:41:33	2017-10-24 13:35:55	2017-09-27 00:13:02	19	7	29
100407582	Keras-FCN-1	https://github.com/lukas/Keras-FCN-1	2017-08-15 18:36:32	2017-08-15 18:36:33	2017-09-05 21:48:16	0	0	29
87006564	lassen	https://github.com/lukas/lassen	2017-04-02 18:26:47	2017-04-02 18:32:38	2017-06-12 19:47:12	0	0	29
68656770	lukas.github.io	https://github.com/lukas/lukas.github.io	2016-09-20 00:03:02	2016-09-20 00:04:31	2016-09-20 00:56:06	0	0	29
26488	mailfactory	https://github.com/lukas/mailfactory	2008-06-18 19:38:49	2016-05-08 09:50:28	2008-06-18 21:01:32	3	3	29
41762759	ml-class	https://github.com/lukas/ml-class	2015-09-01 20:52:50	2017-12-14 15:05:53	2017-11-21 16:43:32	115	103	29
65312129	robot	https://github.com/lukas/robot	2016-08-09 16:50:21	2017-11-28 05:34:05	2017-10-19 22:18:28	93	38	29
809295	afg	https://github.com/tomtt/afg	2010-07-31 14:04:34	2012-12-15 00:56:20	2010-07-31 00:37:03	2	1	31
78560246	ahoy	https://github.com/tomtt/ahoy	2017-01-10 18:12:42	2017-01-10 18:12:45	2016-12-18 03:36:31	0	0	31
73728332	angular-beatbox	https://github.com/tomtt/angular-beatbox	2016-11-14 17:09:52	2016-11-14 17:09:53	2016-11-13 10:20:27	0	0	31
224303	bananajour	https://github.com/tomtt/bananajour	2009-06-11 08:55:52	2012-12-12 22:43:57	2009-06-11 09:12:38	2	1	31
899684	bandcamp	https://github.com/tomtt/bandcamp	2010-09-09 20:17:19	2013-12-21 23:13:08	2010-11-03 10:09:29	5	1	31
24814938	bitcoin_test	https://github.com/tomtt/bitcoin_test	2014-10-05 12:08:29	2014-10-05 12:08:29	2014-10-05 12:08:29	0	0	31
743962	brainfuckr	https://github.com/tomtt/brainfuckr	2010-06-27 23:55:22	2014-02-18 11:50:32	2010-06-27 23:55:41	2	1	31
26211418	btc	https://github.com/tomtt/btc	2014-11-05 09:01:14	2014-11-05 09:03:20	2014-11-13 15:45:20	0	1	31
1757196	contentapi-ruby	https://github.com/tomtt/contentapi-ruby	2011-05-16 19:35:32	2014-05-07 18:57:50	2011-05-23 23:48:34	2	6	31
26276208	copay	https://github.com/tomtt/copay	2014-11-06 15:29:01	2014-11-04 18:29:30	2014-11-05 22:46:01	0	1	31
61484858	crabgrass-core	https://github.com/tomtt/crabgrass-core	2016-06-19 14:45:04	2016-06-19 14:45:07	2016-04-20 16:27:17	0	0	31
169862	cucumber	https://github.com/tomtt/cucumber	2009-04-07 01:32:48	2012-12-12 21:11:54	2009-10-05 16:25:07	2	0	31
159115	cucumber-skin	https://github.com/tomtt/cucumber-skin	2009-03-25 14:47:56	2013-10-29 08:45:56	2009-03-28 00:01:19	3	1	31
497353	cuke-inspector	https://github.com/tomtt/cuke-inspector	2010-02-01 13:04:41	2017-05-31 08:01:37	2011-01-11 15:22:15	6	1	31
1756388	custodian	https://github.com/tomtt/custodian	2011-05-16 16:58:15	2013-01-02 18:32:20	2011-05-16 17:08:48	2	1	31
16546	elisp_behave	https://github.com/tomtt/elisp_behave	2008-05-13 18:03:23	2016-05-11 21:31:49	2008-05-13 18:04:01	3	2	31
3349	emacs-rails	https://github.com/tomtt/emacs-rails	2008-03-10 17:38:56	2017-10-11 12:45:08	2008-06-10 10:54:38	68	46	31
93934	emacs-starter-kit	https://github.com/tomtt/emacs-starter-kit	2008-12-19 18:59:45	2015-04-23 13:53:25	2015-04-23 13:53:25	4	2	31
232854	flocklocal	https://github.com/tomtt/flocklocal	2009-06-21 20:14:15	2013-10-06 00:09:45	2009-06-21 20:46:04	4	2	31
54021366	git-money	https://github.com/tomtt/git-money	2016-03-16 10:10:16	2016-03-16 10:10:17	2016-03-16 11:22:07	0	1	31
356864	grog	https://github.com/tomtt/grog	2009-11-01 10:43:10	2014-05-15 01:16:00	2010-04-04 03:15:57	3	1	31
145164	hackday	https://github.com/tomtt/hackday	2009-03-07 12:11:12	2012-12-12 20:30:38	2009-03-07 11:48:35	2	1	31
27450	hideguides	https://github.com/tomtt/hideguides	2008-06-22 09:58:41	2013-10-21 00:48:42	2008-06-28 17:57:03	4	2	31
12922125	homebrew	https://github.com/tomtt/homebrew	2013-09-18 12:11:04	2013-09-18 12:11:10	2013-09-18 11:38:41	0	0	31
34382623	homebrew-cask	https://github.com/tomtt/homebrew-cask	2015-04-22 09:54:18	2015-04-22 09:54:26	2015-04-24 10:12:05	0	0	31
34714577	homebrew-versions	https://github.com/tomtt/homebrew-versions	2015-04-28 07:05:55	2015-04-28 07:05:56	2015-04-27 22:48:09	0	1	31
180647	httparty	https://github.com/tomtt/httparty	2009-04-20 09:00:08	2012-12-12 21:29:45	2009-04-20 09:04:30	2	1	31
92496267	hubot-slack	https://github.com/tomtt/hubot-slack	2017-05-26 09:43:44	2017-05-26 09:43:46	2017-05-25 06:27:06	0	0	31
302113	kata-minesweeper	https://github.com/tomtt/kata-minesweeper	2009-09-09 14:36:56	2012-12-13 01:11:54	2009-09-09 19:26:27	2	1	31
2015418	khan-exercises	https://github.com/tomtt/khan-exercises	2011-07-08 00:36:10	2013-01-03 20:12:16	2011-07-08 01:14:06	2	1	31
55274339	api-get-started	https://github.com/nitay/api-get-started	2016-04-02 02:46:08	2016-04-02 02:46:20	2015-02-20 01:35:21	0	1	34
91213545	awmy	https://github.com/nitay/awmy	2017-05-14 01:55:01	2017-05-14 01:55:36	2017-05-14 01:59:55	0	0	34
91210677	cadgit-backend	https://github.com/nitay/cadgit-backend	2017-05-14 00:38:04	2017-05-14 00:39:25	2017-05-14 05:36:44	0	0	34
59392471	coursera-general-game-playing	https://github.com/nitay/coursera-general-game-playing	2016-05-22 03:10:44	2016-05-22 03:12:21	2016-05-22 03:12:19	0	0	34
91187376	coursera-reactive-programming	https://github.com/nitay/coursera-reactive-programming	2017-05-13 16:26:31	2017-05-13 16:27:46	2017-05-13 16:27:42	0	0	34
59392841	coursera-recommender-systems	https://github.com/nitay/coursera-recommender-systems	2016-05-22 03:22:49	2016-05-22 03:24:24	2016-05-22 03:24:21	0	0	34
59391192	coursera-scala	https://github.com/nitay/coursera-scala	2016-05-22 02:31:09	2016-05-22 02:31:48	2016-05-22 02:31:46	0	0	34
91213018	courts	https://github.com/nitay/courts	2017-05-14 01:41:01	2017-05-14 01:42:30	2017-05-14 01:42:29	0	0	34
59393744	cpp-ntl	https://github.com/nitay/cpp-ntl	2016-05-22 03:53:07	2016-05-22 03:54:17	2016-05-22 03:54:15	0	0	34
91214372	crew	https://github.com/nitay/crew	2017-05-14 02:16:59	2017-05-14 02:17:26	2017-05-14 02:17:24	0	0	34
91210873	gas-stations	https://github.com/nitay/gas-stations	2017-05-14 00:43:05	2017-05-14 00:43:25	2017-05-14 00:43:22	0	0	34
91213141	grt	https://github.com/nitay/grt	2017-05-14 01:44:12	2017-05-14 01:44:40	2017-05-14 01:44:36	0	0	34
59395607	hive-io-experimental	https://github.com/nitay/hive-io-experimental	2016-05-22 04:57:17	2016-05-22 04:57:19	2015-06-18 21:03:25	0	0	34
91211858	imdb-syncer	https://github.com/nitay/imdb-syncer	2017-05-14 01:10:44	2017-05-14 01:11:02	2017-05-14 01:10:59	0	0	34
59393932	java-utils	https://github.com/nitay/java-utils	2016-05-22 03:59:17	2016-05-22 04:00:26	2016-05-22 04:00:25	0	0	34
91212170	klickthru	https://github.com/nitay/klickthru	2017-05-14 01:18:40	2017-05-14 01:19:35	2017-05-14 01:19:28	0	0	34
89899473	mazegenerator	https://github.com/nitay/mazegenerator	2017-05-01 05:19:48	2017-05-14 02:19:53	2017-04-17 11:30:30	0	0	34
59394098	objc-util	https://github.com/nitay/objc-util	2016-05-22 04:04:37	2016-05-22 04:04:51	2016-05-22 04:04:49	0	0	34
59396022	permissionizer	https://github.com/nitay/permissionizer	2016-05-22 05:10:22	2016-05-22 05:10:43	2016-05-22 05:10:42	0	0	34
91212071	pipes	https://github.com/nitay/pipes	2017-05-14 01:16:29	2017-05-14 01:16:47	2017-05-14 01:16:46	0	0	34
91210463	poker	https://github.com/nitay/poker	2017-05-14 00:31:43	2017-05-14 00:32:51	2017-05-14 00:32:22	0	0	34
91218837	puzzles	https://github.com/nitay/puzzles	2017-05-14 04:01:23	2017-05-14 04:02:58	2017-05-14 04:07:47	0	0	34
55274292	scalali	https://github.com/nitay/scalali	2016-04-02 02:44:40	2016-04-02 02:45:17	2015-02-20 04:14:53	0	1	34
59395724	sonatype-knn-benchmark	https://github.com/nitay/sonatype-knn-benchmark	2016-05-22 05:01:05	2016-05-22 05:05:43	2016-05-22 05:05:42	0	0	34
9034421	sonatype-yourkit	https://github.com/nitay/sonatype-yourkit	2013-03-26 16:07:45	2015-11-05 06:50:41	2015-05-12 18:34:09	2	3	34
91210149	splitbill	https://github.com/nitay/splitbill	2017-05-14 00:22:18	2017-05-14 00:23:46	2017-05-14 00:23:38	0	0	34
91209848	stanford-scpd-distributed-systems	https://github.com/nitay/stanford-scpd-distributed-systems	2017-05-14 00:13:21	2017-05-14 00:13:36	2017-05-14 00:13:35	0	0	34
76627468	tableau-class	https://github.com/nitay/tableau-class	2016-12-16 06:20:48	2016-12-16 06:20:48	2016-12-16 06:22:24	0	0	34
91221992	tools	https://github.com/nitay/tools	2017-05-14 05:23:24	2017-05-14 05:25:31	2017-05-14 05:43:01	0	0	34
91214540	ucsd	https://github.com/nitay/ucsd	2017-05-14 02:21:16	2017-05-14 02:35:05	2017-05-14 02:34:54	0	0	34
158012	aspen	https://github.com/kevwil/aspen	2009-03-24 14:05:56	2017-10-12 17:06:11	2013-12-02 17:13:46	58	5	35
7061104	c-ration	https://github.com/kevwil/c-ration	2012-12-07 22:36:32	2014-04-25 14:58:40	2014-01-06 18:27:27	0	1	35
7097297	c-ration-sample	https://github.com/kevwil/c-ration-sample	2012-12-10 17:19:16	2014-05-22 12:38:20	2012-12-10 22:16:22	0	1	35
7828160	c-ration-sample2	https://github.com/kevwil/c-ration-sample2	2013-01-25 20:42:55	2014-01-19 10:49:28	2013-01-25 20:43:37	0	1	35
4874487	cloud9	https://github.com/kevwil/cloud9	2012-07-03 16:19:35	2016-07-06 07:28:52	2013-03-06 17:49:59	2	1	35
3228501	easyhttp	https://github.com/kevwil/easyhttp	2012-01-20 18:18:03	2017-09-21 17:58:25	2015-03-10 20:32:14	3	2	35
10824057	fabric	https://github.com/kevwil/fabric	2013-06-20 16:19:45	2013-07-07 04:54:04	2013-06-20 16:26:25	0	1	35
8604512	git-achievements	https://github.com/kevwil/git-achievements	2013-03-06 14:00:05	2015-09-16 17:40:18	2015-09-25 17:05:28	0	1	35
8590299	gityup-haskell	https://github.com/kevwil/gityup-haskell	2013-03-05 22:11:21	2016-03-24 16:11:19	2016-03-24 16:11:18	0	1	35
3027468	gityup-lua	https://github.com/kevwil/gityup-lua	2011-12-21 14:56:29	2016-05-12 14:20:46	2016-05-12 14:20:46	1	1	35
15909592	go-blog-cassandra	https://github.com/kevwil/go-blog-cassandra	2014-01-14 17:23:45	2014-01-14 17:41:14	2014-01-14 17:40:21	0	2	35
29353227	go-martini-cassandra	https://github.com/kevwil/go-martini-cassandra	2015-01-16 15:06:44	2015-01-16 15:07:07	2015-01-16 15:07:07	0	1	35
15910193	hapi-blog-cassandra	https://github.com/kevwil/hapi-blog-cassandra	2014-01-14 17:47:11	2016-11-24 09:11:46	2015-01-07 15:39:04	4	1	35
96668	hellotxt	https://github.com/kevwil/hellotxt	2008-12-25 15:48:13	2016-05-08 20:30:58	2010-11-11 15:41:40	4	1	35
57337479	hipchat-java	https://github.com/kevwil/hipchat-java	2016-04-28 22:21:48	2016-04-28 22:21:50	2016-04-28 22:24:37	0	1	35
3777667	homebrew	https://github.com/kevwil/homebrew	2012-03-20 16:59:51	2014-02-28 02:35:27	2014-02-28 02:35:27	1	0	35
59033287	homebrew-cask	https://github.com/kevwil/homebrew-cask	2016-05-17 15:11:11	2016-05-17 15:11:25	2016-06-06 16:37:57	0	0	35
14959311	homebrew-patches	https://github.com/kevwil/homebrew-patches	2013-12-05 16:37:24	2016-05-04 12:32:10	2016-07-11 21:45:45	17	6	35
8318230	hubot-scripts	https://github.com/kevwil/hubot-scripts	2013-02-20 17:28:30	2015-01-08 18:12:09	2015-01-08 18:12:09	0	1	35
32349803	indefatigable	https://github.com/kevwil/indefatigable	2015-03-16 20:05:14	2015-03-16 20:36:50	2015-03-16 20:36:49	0	1	35
95347	kevwil.github.io	https://github.com/kevwil/kevwil.github.io	2008-12-22 15:56:42	2017-04-12 18:55:05	2017-04-12 18:55:03	3	1	35
9679831	mcp	https://github.com/kevwil/mcp	2013-04-25 19:41:55	2014-01-01 22:19:21	2013-04-25 19:42:19	0	1	35
46505467	mimic	https://github.com/kevwil/mimic	2015-11-19 16:32:47	2015-11-19 16:32:48	2015-10-31 21:00:58	0	1	35
32166471	nh2	https://github.com/kevwil/nh2	2015-03-13 16:17:06	2015-03-25 15:56:52	2015-08-26 14:52:00	0	1	35
166801	pingfm	https://github.com/kevwil/pingfm	2009-04-03 02:55:00	2016-05-09 09:42:21	2010-10-06 18:24:50	2	1	35
8146918	pipecleaner	https://github.com/kevwil/pipecleaner	2013-02-11 21:18:01	2015-07-20 06:26:55	2015-07-20 06:34:56	0	1	35
5343213	racer	https://github.com/kevwil/racer	2012-08-08 14:52:29	2015-06-03 01:26:14	2012-08-07 05:07:17	0	1	35
1757939	RestExpress	https://github.com/kevwil/RestExpress	2011-05-16 22:05:52	2014-04-16 18:32:19	2014-02-28 19:58:29	1	1	35
10646304	RestExpress-Scaffold	https://github.com/kevwil/RestExpress-Scaffold	2013-06-12 15:52:06	2013-06-12 15:54:28	2013-06-12 15:54:27	0	1	35
7607569	ruby-netty-eventmachine	https://github.com/kevwil/ruby-netty-eventmachine	2013-01-14 16:10:17	2013-01-14 16:10:17	2011-05-27 18:45:11	0	1	35
4741	arc	https://github.com/KirinDave/arc	2008-03-14 20:13:58	2017-07-25 13:13:24	2008-03-21 04:33:23	7	1	36
6216245	aws	https://github.com/KirinDave/aws	2012-10-14 17:42:11	2013-01-12 16:18:13	2012-10-13 18:39:11	0	1	36
149353	bilecast	https://github.com/KirinDave/bilecast	2009-03-12 17:18:11	2015-11-05 08:09:33	2009-03-12 18:45:29	3	1	36
788	bus-scheme	https://github.com/KirinDave/bus-scheme	2008-02-06 18:28:52	2017-07-25 13:12:59	2008-02-19 19:12:42	3	1	36
14704	classifier	https://github.com/KirinDave/classifier	2008-05-05 17:27:33	2016-05-11 21:31:38	2009-12-12 18:15:14	5	2	36
1758179	Clipping	https://github.com/KirinDave/Clipping	2011-05-16 23:18:16	2014-02-17 06:30:54	2011-05-12 22:37:35	1	1	36
378526	clj-interface	https://github.com/KirinDave/clj-interface	2009-11-19 17:04:05	2014-02-24 06:49:05	2009-11-17 21:35:44	1	2	36
4965742	clj-json	https://github.com/KirinDave/clj-json	2012-07-09 22:24:40	2013-01-11 02:13:06	2012-07-09 22:41:23	1	1	36
15885925	clj-mixpanel	https://github.com/KirinDave/clj-mixpanel	2014-01-13 23:42:31	2014-01-13 23:42:31	2012-11-21 09:48:15	0	1	36
4706137	clj-msgpack	https://github.com/KirinDave/clj-msgpack	2012-06-18 20:54:40	2013-01-09 18:38:45	2012-06-18 22:40:50	1	1	36
583866	clj-time	https://github.com/KirinDave/clj-time	2010-03-28 20:44:48	2017-10-17 09:04:49	2016-02-17 22:45:09	48	179	36
1758177	Clothesline	https://github.com/KirinDave/Clothesline	2011-05-16 23:17:56	2016-07-13 00:48:19	2011-05-30 22:53:39	13	3	36
4009922	dcpu16-hs	https://github.com/KirinDave/dcpu16-hs	2012-04-12 22:13:54	2013-01-08 16:38:08	2012-04-12 10:01:53	1	1	36
12910511	discourse	https://github.com/KirinDave/discourse	2013-09-18 00:46:40	2013-09-18 00:46:43	2013-09-17 21:02:19	0	0	36
490050	dot-emacs	https://github.com/KirinDave/dot-emacs	2010-01-27 00:04:36	2013-10-01 08:33:49	2010-02-02 18:34:16	1	1	36
32807	dynomite	https://github.com/KirinDave/dynomite	2008-07-09 23:08:57	2016-05-08 10:35:18	2008-07-09 23:08:59	3	1	36
2451043	Emacs-Of-The-Future	https://github.com/KirinDave/Emacs-Of-The-Future	2011-09-24 18:26:11	2014-04-10 16:35:27	2012-05-16 23:06:46	4	3	36
1166223	ensime	https://github.com/KirinDave/ensime	2010-12-13 22:30:10	2014-06-22 22:45:39	2010-12-13 22:47:23	1	1	36
16970834	Equivalent-Exchange-3	https://github.com/KirinDave/Equivalent-Exchange-3	2014-02-19 01:59:50	2014-02-19 01:59:51	2017-09-27 00:13:28	0	2	36
4711	erlectricity	https://github.com/KirinDave/erlectricity	2008-03-08 01:32:13	2017-07-25 13:13:24	2008-03-26 21:17:30	6	1	36
1592	erlenmeyer	https://github.com/KirinDave/erlenmeyer	2008-02-28 03:17:49	2017-11-13 14:01:02	2008-03-26 19:26:54	6	3	36
2335294	eventsource-broker	https://github.com/KirinDave/eventsource-broker	2011-09-06 15:32:55	2013-01-04 04:33:36	2011-09-05 11:45:27	1	1	36
402455	example-chat	https://github.com/KirinDave/example-chat	2009-12-06 21:51:46	2014-01-18 02:47:46	2009-12-07 01:32:10	12	1	36
77312	fake-tpw	https://github.com/KirinDave/fake-tpw	2008-11-17 21:45:30	2016-05-08 17:13:45	2008-11-17 21:49:56	3	1	36
2326829	Fanboy	https://github.com/KirinDave/Fanboy	2011-09-05 07:29:49	2014-01-08 14:16:20	2011-09-07 03:29:27	2	1	36
4602856	fish-nuggets	https://github.com/KirinDave/fish-nuggets	2012-06-08 22:10:50	2013-01-09 14:19:52	2010-07-08 10:50:38	1	1	36
14187	fuzed	https://github.com/KirinDave/fuzed	2008-05-03 04:49:37	2017-11-13 14:01:03	2011-10-27 07:44:25	273	22	36
649	fuzed-old	https://github.com/KirinDave/fuzed-old	2008-02-17 05:05:16	2017-07-25 13:12:59	2008-04-19 20:54:47	15	1	36
4541667	gantry	https://github.com/KirinDave/gantry	2012-06-04 00:02:00	2013-01-09 12:10:53	2012-06-03 04:26:53	1	1	36
205026	gen_leader_revival	https://github.com/KirinDave/gen_leader_revival	2009-05-19 17:29:34	2017-11-13 14:01:11	2011-07-31 17:46:52	63	64	36
890204	action_mailer_verp	https://github.com/jamesgolick/action_mailer_verp	2010-09-05 22:17:18	2016-09-22 18:47:41	2011-06-28 16:38:18	7	3	37
7360	action_messager	https://github.com/jamesgolick/action_messager	2008-04-06 19:41:07	2017-10-01 12:56:12	2008-04-07 00:23:37	46	2	37
3835254	activerecordless_migrations	https://github.com/jamesgolick/activerecordless_migrations	2012-03-26 17:16:12	2016-09-22 18:48:50	2012-03-26 17:16:25	3	2	37
37432	active_presenter	https://github.com/jamesgolick/active_presenter	2008-07-26 14:10:16	2017-06-21 03:58:58	2012-08-27 19:17:02	302	43	37
1148416	always_verify_ssl_certificates	https://github.com/jamesgolick/always_verify_ssl_certificates	2010-12-08 01:26:11	2017-10-08 11:45:22	2011-09-12 21:25:38	95	17	37
5391496	apns4erl	https://github.com/jamesgolick/apns4erl	2012-08-12 20:03:27	2017-05-10 01:48:42	2012-08-12 20:04:33	1	1	37
6388	attribute_fu	https://github.com/jamesgolick/attribute_fu	2008-04-03 00:14:53	2017-11-02 08:51:53	2008-11-25 14:16:28	100	21	37
52036	blank	https://github.com/jamesgolick/blank	2008-09-12 16:23:08	2017-03-09 12:01:48	2009-08-22 02:23:11	62	8	37
2344417	browsermob-proxy	https://github.com/jamesgolick/browsermob-proxy	2011-09-07 20:46:24	2016-09-22 18:48:28	2011-09-04 04:38:44	2	1	37
290509	cassandra	https://github.com/jamesgolick/cassandra	2009-08-28 02:10:31	2016-09-22 18:46:51	2009-12-18 01:55:39	2	2	37
646043	cassandra-munin-plugins	https://github.com/jamesgolick/cassandra-munin-plugins	2010-05-04 04:24:06	2017-07-25 23:49:17	2010-05-27 16:06:18	45	20	37
288790	cassandra_object	https://github.com/jamesgolick/cassandra_object	2009-08-26 14:49:49	2016-09-22 18:46:51	2009-08-27 18:10:29	3	1	37
637670	cassie	https://github.com/jamesgolick/cassie	2010-04-29 06:06:50	2016-09-22 18:47:25	2010-06-15 16:25:30	3	2	37
351829	chef	https://github.com/jamesgolick/chef	2009-10-27 20:16:28	2016-09-22 18:47:04	2009-10-28 20:22:57	2	2	37
116198	classy_resources	https://github.com/jamesgolick/classy_resources	2009-01-28 00:20:08	2017-06-03 04:27:02	2009-02-16 21:41:15	41	7	37
897376	client_proxy	https://github.com/jamesgolick/client_proxy	2010-09-08 22:46:58	2016-09-22 18:47:41	2010-09-08 22:48:12	1	2	37
242688	conductor	https://github.com/jamesgolick/conductor	2009-07-03 19:09:41	2016-09-22 18:46:49	2010-02-12 06:42:41	48	2	37
320164	conductor-rails	https://github.com/jamesgolick/conductor-rails	2009-09-28 16:52:58	2016-09-22 18:47:03	2009-09-28 22:32:20	12	3	37
108910	context	https://github.com/jamesgolick/context	2009-01-16 19:07:11	2016-09-22 18:46:31	2009-01-20 03:13:58	3	1	37
328474	dash-ruby	https://github.com/jamesgolick/dash-ruby	2009-10-06 13:23:04	2016-09-22 18:47:03	2009-03-25 22:26:43	1	2	37
781384	degrade	https://github.com/jamesgolick/degrade	2010-07-18 06:49:58	2017-12-08 04:13:40	2011-10-10 06:19:59	306	11	37
73214	delayed_job	https://github.com/jamesgolick/delayed_job	2008-11-08 13:40:12	2016-09-22 18:46:22	2008-11-08 14:21:31	2	3	37
270028	dirty_callbacks	https://github.com/jamesgolick/dirty_callbacks	2009-08-05 19:46:44	2017-05-30 05:42:56	2009-08-05 19:51:38	6	2	37
228669	dm-yaml-adapter	https://github.com/jamesgolick/dm-yaml-adapter	2009-06-16 15:06:13	2016-09-22 18:46:48	2009-05-21 02:05:26	1	2	37
71308	dotfiles	https://github.com/jamesgolick/dotfiles	2008-11-04 00:59:39	2016-09-22 18:46:22	2014-02-16 02:52:51	17	3	37
74	enum_field	https://github.com/jamesgolick/enum_field	2008-01-22 01:54:15	2017-07-12 20:10:40	2009-06-26 19:19:26	57	18	37
5546553	erl-dns	https://github.com/jamesgolick/erl-dns	2012-08-24 22:41:56	2017-05-10 02:11:52	2012-08-24 22:42:51	0	1	37
4786007	erlang-mysql-driver	https://github.com/jamesgolick/erlang-mysql-driver	2012-06-25 19:03:03	2017-05-10 01:49:15	2014-03-17 16:25:20	7	3	37
5070745	erlang-thrift	https://github.com/jamesgolick/erlang-thrift	2012-07-16 17:27:47	2017-05-10 01:48:51	2012-12-20 04:26:19	1	3	37
5011729	erlcloud	https://github.com/jamesgolick/erlcloud	2012-07-12 23:21:44	2016-09-22 18:49:06	2012-07-13 00:04:43	1	2	37
301826	aloha_2009	https://github.com/atmos/aloha_2009	2009-09-09 07:36:19	2014-02-11 06:00:20	2009-10-06 12:04:22	1	2	38
16522907	appsly-android-rest	https://github.com/atmos/appsly-android-rest	2014-02-04 19:29:17	2014-02-04 19:29:17	2014-02-03 10:20:20	0	2	38
127067	as_time_goes_by	https://github.com/atmos/as_time_goes_by	2009-02-12 01:24:18	2016-05-09 02:04:56	2009-02-21 04:37:56	6	2	38
13460813	atmos-rails	https://github.com/atmos/atmos-rails	2013-10-10 03:09:51	2015-11-05 02:48:48	2015-05-29 04:36:45	4	4	38
91967	atmos.github.io	https://github.com/atmos/atmos.github.io	2008-12-17 07:22:39	2017-11-17 04:45:18	2016-10-20 22:18:21	30	56	38
2267489	atmos.org	https://github.com/atmos/atmos.org	2011-08-25 11:27:23	2014-04-25 14:58:40	2011-08-25 11:28:50	1	2	38
465440	atmos.org-redirector	https://github.com/atmos/atmos.org-redirector	2010-01-09 20:11:09	2014-09-09 18:37:41	2015-12-07 21:19:09	1	2	38
99978	braintree_transparent_redirect_slice	https://github.com/atmos/braintree_transparent_redirect_slice	2009-01-03 00:42:12	2016-05-08 21:08:15	2009-01-21 23:34:18	4	1	38
28524039	brute-force-your-router	https://github.com/atmos/brute-force-your-router	2014-12-26 23:38:02	2016-02-11 17:14:40	2014-12-26 23:44:17	5	2	38
20266141	bugzilla	https://github.com/atmos/bugzilla	2014-05-28 17:24:54	2014-09-09 20:47:43	2014-05-28 06:42:46	0	1	38
965388	bundler	https://github.com/atmos/bundler	2010-10-06 02:17:37	2013-12-27 17:06:02	2010-10-02 19:31:22	1	0	38
898130	bundler-site	https://github.com/atmos/bundler-site	2010-09-09 08:10:24	2013-12-27 17:06:02	2010-09-07 21:18:16	1	1	38
7322777	butt	https://github.com/atmos/butt	2012-12-26 03:29:22	2014-10-13 09:32:27	2012-12-26 03:32:14	3	2	38
1076534	camo	https://github.com/atmos/camo	2010-11-13 02:56:46	2017-12-15 18:56:03	2017-12-16 08:51:09	1081	181	38
9332126	campfiyah	https://github.com/atmos/campfiyah	2013-04-09 21:33:52	2013-12-27 17:06:02	2013-10-04 01:48:12	1	2	38
1167358	capybara-standalone	https://github.com/atmos/capybara-standalone	2010-12-14 07:11:35	2015-11-06 00:02:52	2010-12-14 07:13:18	7	2	38
6133028	charlock_holmes	https://github.com/atmos/charlock_holmes	2012-10-08 23:53:47	2013-12-27 17:06:02	2012-10-03 05:19:16	2	1	38
825471	chef	https://github.com/atmos/chef	2010-08-08 23:59:46	2013-12-27 17:06:02	2010-08-09 00:00:08	2	1	38
681112	ciderapp.org	https://github.com/atmos/ciderapp.org	2010-05-22 21:46:48	2016-09-22 18:47:26	2012-10-22 03:32:33	8	2	38
876168	cinderella	https://github.com/atmos/cinderella	2010-08-31 23:10:02	2017-11-14 20:28:09	2013-03-01 00:31:30	3	1	38
855243	connect	https://github.com/atmos/connect	2010-08-22 19:37:34	2013-12-27 17:06:03	2010-08-22 19:37:55	1	1	38
857722	connect-auth	https://github.com/atmos/connect-auth	2010-08-23 21:26:05	2013-12-27 17:06:03	2010-08-23 21:51:59	2	1	38
51234462	conveyor	https://github.com/atmos/conveyor	2016-02-07 03:50:50	2016-02-08 00:08:00	2016-02-06 00:09:41	0	1	38
8791758	developer.github.com	https://github.com/atmos/developer.github.com	2013-03-15 03:55:46	2017-01-09 10:29:54	2013-03-15 07:49:02	1	0	38
8656086	django-headcrumbs	https://github.com/atmos/django-headcrumbs	2013-03-08 17:23:44	2013-12-27 17:06:03	2013-03-06 09:35:30	0	0	38
27801314	djcharts-menubar	https://github.com/atmos/djcharts-menubar	2014-12-10 03:59:02	2015-01-14 22:16:31	2015-01-14 22:16:31	2	1	38
51883807	docker-unifi-controller	https://github.com/atmos/docker-unifi-controller	2016-02-17 01:18:08	2015-12-30 15:47:24	2016-02-17 01:46:55	0	2	38
29575	dot_xen	https://github.com/atmos/dot_xen	2008-06-28 19:31:04	2016-05-08 10:10:49	2008-10-22 07:01:11	12	3	38
4644280	elasticsearch-client	https://github.com/atmos/elasticsearch-client	2012-06-12 23:25:17	2014-06-08 07:19:44	2012-06-12 23:30:33	1	1	38
36769368	electrogram	https://github.com/atmos/electrogram	2015-06-03 00:14:44	2016-11-21 17:43:41	2015-07-10 05:08:24	19	8	38
2277888	test	https://github.com/errfree/test	2011-08-27 04:08:47	2013-01-04 03:20:44	\N	1	0	44
789949	test1	https://github.com/errfree/test1	2010-07-22 00:40:28	2012-12-15 00:19:24	\N	1	0	44
2367236	AaronCam	https://github.com/mojodna/AaronCam	2011-09-11 20:11:02	2013-08-22 18:19:58	2011-09-12 04:16:25	1	1	45
36765316	abaculus	https://github.com/mojodna/abaculus	2015-06-02 22:23:49	2015-06-02 22:23:49	2015-06-10 14:23:58	0	1	45
78781538	accelerometer	https://github.com/mojodna/accelerometer	2017-01-12 19:56:45	2017-01-12 19:57:56	2017-01-12 19:57:55	0	0	45
76239	active_queue	https://github.com/mojodna/active_queue	2008-11-15 00:51:12	2017-07-07 06:44:58	2008-11-21 05:42:48	20	3	45
154824	anemone	https://github.com/mojodna/anemone	2009-03-20 05:08:11	2016-05-09 07:26:54	2009-03-20 05:08:27	3	1	45
80044	annotate_models	https://github.com/mojodna/annotate_models	2008-11-24 02:02:49	2016-05-08 17:41:30	2008-11-24 02:04:04	2	1	45
1243715	asi-http-request	https://github.com/mojodna/asi-http-request	2011-01-12 00:23:16	2012-12-17 17:28:10	2011-05-16 19:14:54	5	1	45
80053204	awsgi	https://github.com/mojodna/awsgi	2017-01-25 20:10:37	2017-01-25 20:10:41	2017-01-25 22:08:36	0	0	45
144009	bamboo-shooter	https://github.com/mojodna/bamboo-shooter	2009-03-05 22:33:22	2016-05-09 05:21:37	2009-03-06 22:21:09	3	1	45
111745101	caliparks.org	https://github.com/mojodna/caliparks.org	2017-11-23 00:21:24	2017-11-23 00:21:27	2017-11-23 00:22:29	0	0	45
69443426	CameraCalibration	https://github.com/mojodna/CameraCalibration	2016-09-28 08:39:25	2016-09-28 08:39:31	2016-09-28 15:22:07	0	0	45
8688853	carto	https://github.com/mojodna/carto	2013-03-10 17:41:57	2014-04-11 01:50:25	2017-09-27 00:13:51	0	2	45
22931536	cartodb	https://github.com/mojodna/cartodb	2014-08-13 21:15:18	2014-08-13 02:29:33	2014-08-13 23:32:27	0	1	45
27455700	CartoDB-basemaps	https://github.com/mojodna/CartoDB-basemaps	2014-12-02 22:00:26	2014-12-03 03:44:17	2014-12-02 22:00:45	1	1	45
28829483	CartoDB-SQL-API	https://github.com/mojodna/CartoDB-SQL-API	2015-01-05 20:09:29	2015-01-05 20:09:30	2015-01-07 01:28:05	0	1	45
46544249	cartodb.js	https://github.com/mojodna/cartodb.js	2015-11-20 06:36:09	2015-11-20 06:36:14	2015-11-19 18:02:06	0	1	45
9084255	Cascadenik	https://github.com/mojodna/Cascadenik	2013-03-28 19:04:14	2014-05-24 01:58:34	2014-05-24 01:58:34	0	1	45
54485823	changeset-replay-tool	https://github.com/mojodna/changeset-replay-tool	2016-03-22 15:19:26	2017-09-15 11:40:27	2016-04-28 19:36:11	2	1	45
88789715	ckanapi	https://github.com/mojodna/ckanapi	2017-04-19 20:51:28	2017-04-19 20:51:31	2017-04-19 20:56:28	0	0	45
7740041	collectd-write_graphite	https://github.com/mojodna/collectd-write_graphite	2013-01-21 20:44:55	2013-02-11 20:59:12	2013-02-11 20:59:12	0	1	45
12741447	commander.js	https://github.com/mojodna/commander.js	2013-09-10 21:46:46	2013-09-10 21:47:17	2013-09-10 21:47:13	0	1	45
43019887	convox.github.io	https://github.com/mojodna/convox.github.io	2015-09-23 18:41:27	2015-09-23 18:41:28	2015-09-23 22:47:50	0	1	45
80035	crud_controller	https://github.com/mojodna/crud_controller	2008-11-24 01:40:13	2016-05-08 17:41:26	2008-11-24 01:40:29	3	1	45
23206113	cugos.github.com	https://github.com/mojodna/cugos.github.com	2014-08-21 23:17:22	2014-08-21 23:54:50	2017-09-27 00:13:55	0	1	45
13913183	d3-to-png	https://github.com/mojodna/d3-to-png	2013-10-28 00:30:04	2016-06-13 13:39:19	2013-10-31 19:48:41	3	2	45
4398052	d3.tsv	https://github.com/mojodna/d3.tsv	2012-05-21 20:04:29	2013-01-09 06:48:52	2012-05-21 20:06:05	1	1	45
76384103	ddem-observation-server	https://github.com/mojodna/ddem-observation-server	2016-12-13 17:51:39	2016-12-13 17:51:41	2016-12-20 00:43:56	0	0	45
292955	deadweight	https://github.com/mojodna/deadweight	2009-08-31 05:50:14	2012-12-13 00:56:02	2009-09-09 01:36:16	4	1	45
8104481	debian-mapnik	https://github.com/mojodna/debian-mapnik	2013-02-09 01:13:29	2013-10-05 17:26:23	2013-02-09 01:18:21	0	1	45
67365422	dji_fc300c	https://github.com/mojodna/dji_fc300c	2016-09-04 19:57:21	2017-06-27 22:14:53	2016-09-04 20:01:04	1	0	45
291873	amazon-ec2	https://github.com/bmizerany/amazon-ec2	2009-08-29 19:06:50	2012-12-13 00:54:15	2009-08-21 02:40:42	1	1	46
66670	amqp	https://github.com/bmizerany/amqp	2008-10-23 07:34:48	2016-05-08 15:27:08	2008-12-09 22:38:45	4	1	46
1107816	assert	https://github.com/bmizerany/assert	2010-11-24 02:05:49	2017-11-24 06:54:28	2016-06-11 22:19:34	134	35	46
5322	attrubates	https://github.com/bmizerany/attrubates	2008-03-25 22:16:00	2017-07-27 04:48:43	2011-03-10 02:33:30	3	1	46
2968891	aws	https://github.com/bmizerany/aws	2011-12-13 01:21:09	2017-06-05 09:34:10	2013-01-19 19:39:52	27	9	46
3643809	aws.go	https://github.com/bmizerany/aws.go	2012-03-06 23:16:44	2013-10-10 08:41:02	2012-03-29 22:01:58	2	2	46
5455390	aws4	https://github.com/bmizerany/aws4	2012-08-17 17:41:26	2017-04-14 03:00:24	2014-10-25 11:03:58	68	19	46
363872	bacon	https://github.com/bmizerany/bacon	2009-11-06 22:39:11	2013-02-10 13:33:54	2009-09-22 19:18:41	2	1	46
293810	bang	https://github.com/bmizerany/bang	2009-09-01 00:41:14	2013-12-23 03:01:16	2009-09-01 00:50:25	1	1	46
162965	beldam	https://github.com/bmizerany/beldam	2009-03-30 07:00:34	2014-05-01 15:58:46	2009-05-26 22:28:38	15	1	46
7650	capistrano-bells	https://github.com/bmizerany/capistrano-bells	2008-04-07 21:14:40	2017-07-27 04:49:03	2008-04-08 03:29:46	4	1	46
12134	cheat	https://github.com/bmizerany/cheat	2008-04-23 22:38:22	2016-05-11 21:31:26	2008-04-23 22:38:23	2	1	46
114683	chef	https://github.com/bmizerany/chef	2009-01-26 02:22:02	2016-05-08 23:53:48	2009-10-20 22:37:06	3	1	46
211151	cloudquery	https://github.com/bmizerany/cloudquery	2009-05-27 03:07:54	2014-04-12 16:44:25	2009-06-15 23:01:23	2	1	46
363867	contest	https://github.com/bmizerany/contest	2009-11-06 22:36:40	2012-12-13 02:53:14	2009-06-23 23:34:47	1	1	46
116960	coral	https://github.com/bmizerany/coral	2009-01-28 23:26:38	2016-05-09 00:14:27	2009-01-28 22:59:20	2	1	46
18283532	coreup	https://github.com/bmizerany/coreup	2014-03-31 06:11:58	2014-03-31 19:00:52	2014-03-31 18:52:30	0	1	46
260057	couchdb-simple-demo	https://github.com/bmizerany/couchdb-simple-demo	2009-07-25 00:21:49	2012-12-12 23:47:30	2009-07-25 00:22:42	1	1	46
188828	delayed_job	https://github.com/bmizerany/delayed_job	2009-04-29 21:40:45	2016-05-09 13:58:47	2009-03-19 15:33:06	2	0	46
17471127	describe-tag	https://github.com/bmizerany/describe-tag	2014-03-06 08:32:12	2014-03-06 08:34:38	2014-03-06 08:34:11	0	1	46
436280	domainy	https://github.com/bmizerany/domainy	2009-12-14 06:47:27	2014-01-17 19:12:26	2009-12-15 00:44:08	4	5	46
1731015	doozer-bench	https://github.com/bmizerany/doozer-bench	2011-05-11 01:07:07	2014-02-07 09:09:05	2011-05-23 23:12:35	1	1	46
1633964	doozerd	https://github.com/bmizerany/doozerd	2011-04-19 03:58:16	2014-11-14 13:14:24	2014-03-04 01:42:37	4	1	46
401239	dotfiles	https://github.com/bmizerany/dotfiles	2009-12-06 01:36:08	2017-11-30 19:46:54	2011-10-31 07:46:45	6	2	46
218666	Elephant	https://github.com/bmizerany/Elephant	2009-06-04 18:22:24	2013-12-23 07:25:21	2009-06-04 22:24:13	2	1	46
1399159	em-swirl	https://github.com/bmizerany/em-swirl	2011-02-22 20:04:01	2015-11-05 03:13:58	2011-03-01 01:38:04	12	1	46
393584	em-syslog	https://github.com/bmizerany/em-syslog	2009-12-03 01:34:04	2012-12-13 14:44:08	2009-08-31 09:22:33	2	1	46
84534	emacs	https://github.com/bmizerany/emacs	2008-12-03 20:09:08	2016-05-08 18:24:36	2009-01-29 23:32:42	2	1	46
61918505	env	https://github.com/bmizerany/env	2016-06-24 23:52:00	2016-06-24 23:52:01	2016-06-24 23:54:39	0	0	46
53028	erlectricity	https://github.com/bmizerany/erlectricity	2008-09-16 01:42:01	2016-05-08 13:26:59	2008-09-16 01:42:04	2	0	46
476509	agile_zen	https://github.com/jnewland/agile_zen	2010-01-17 20:39:53	2013-12-06 13:21:25	2010-01-17 20:40:37	4	0	47
37894188	airfoil-api	https://github.com/jnewland/airfoil-api	2015-06-23 03:09:04	2017-12-16 19:52:00	2017-06-24 16:05:29	10	9	47
37954266	airfoil-api-smartthings	https://github.com/jnewland/airfoil-api-smartthings	2015-06-24 01:15:38	2017-11-28 18:36:43	2016-12-15 23:40:45	3	1	47
19348669	alfred-open-windows	https://github.com/jnewland/alfred-open-windows	2014-05-01 15:32:05	2017-10-31 19:04:01	2017-03-13 17:07:02	32	3	47
66203040	appdaemon	https://github.com/jnewland/appdaemon	2016-08-21 14:30:09	2016-08-21 14:30:10	2016-08-21 14:30:24	0	0	47
95135527	bcc	https://github.com/jnewland/bcc	2017-06-22 16:30:59	2017-06-22 16:31:01	2017-06-20 18:33:03	0	0	47
51563198	beaker	https://github.com/jnewland/beaker	2016-02-12 02:40:13	2016-02-12 02:40:15	2017-09-27 00:14:12	0	1	47
223120	bigdecimal-segfault-fix	https://github.com/jnewland/bigdecimal-segfault-fix	2009-06-10 00:35:14	2014-01-08 23:14:13	2009-06-10 00:36:11	1	1	47
2563	boolean_web_service	https://github.com/jnewland/boolean_web_service	2008-03-05 01:32:08	2017-07-25 13:13:06	2008-03-26 19:47:31	4	0	47
2399108	brew2deb	https://github.com/jnewland/brew2deb	2011-09-16 12:22:18	2014-01-02 20:15:36	2011-11-11 18:08:18	2	0	47
60718979	bt.sh	https://github.com/jnewland/bt.sh	2016-06-08 18:02:41	2016-06-08 18:02:43	2015-06-05 04:32:40	0	0	47
493687	capistrano	https://github.com/jnewland/capistrano	2010-01-29 14:51:29	2014-01-06 21:06:48	2010-01-29 14:54:12	1	1	47
539055	capistrano-log_with_awesome	https://github.com/jnewland/capistrano-log_with_awesome	2010-02-27 20:53:04	2017-10-05 22:14:08	2017-03-28 17:06:05	19	7	47
339	capsize	https://github.com/jnewland/capsize	2008-02-08 12:12:11	2017-11-13 14:01:02	2017-09-27 00:14:17	40	13	47
697462	cassandra_object	https://github.com/jnewland/cassandra_object	2010-06-01 15:57:27	2013-01-05 01:14:43	2010-06-02 13:43:33	1	1	47
1837664	cookbooks	https://github.com/jnewland/cookbooks	2011-06-02 15:05:20	2014-10-16 19:28:50	2011-06-02 15:07:21	3	0	47
675189	cucumber-json	https://github.com/jnewland/cucumber-json	2010-05-19 14:34:17	2016-11-10 10:57:03	2010-05-19 14:48:02	9	6	47
603969	cucumber-nagios	https://github.com/jnewland/cucumber-nagios	2010-04-10 15:21:45	2013-12-13 23:26:06	2010-04-10 15:27:35	1	1	47
709776	cucumber-newrelic	https://github.com/jnewland/cucumber-newrelic	2010-06-08 16:26:29	2016-06-07 18:20:02	2010-06-09 11:46:40	11	2	47
710239	cucumber-scout	https://github.com/jnewland/cucumber-scout	2010-06-08 20:51:10	2016-06-07 18:38:48	2010-06-09 11:46:46	7	1	47
1055140	cucumber-standalone	https://github.com/jnewland/cucumber-standalone	2010-11-05 19:35:41	2016-08-25 05:57:47	2010-11-05 19:46:21	5	3	47
68298011	dd-agent	https://github.com/jnewland/dd-agent	2016-09-15 13:49:36	2016-09-15 13:49:43	2017-07-11 13:22:53	0	0	47
1272563	erlang.tmbundle	https://github.com/jnewland/erlang.tmbundle	2011-01-19 22:00:13	2014-03-16 10:11:40	2011-01-27 21:06:27	1	1	47
954	fireeagle	https://github.com/jnewland/fireeagle	2008-02-22 02:00:43	2017-11-13 14:01:02	2009-07-30 14:06:27	41	11	47
4358818	fog	https://github.com/jnewland/fog	2012-05-17 13:40:24	2013-08-04 01:01:36	2012-05-17 13:41:57	0	0	47
102810039	git-and-stuff	https://github.com/jnewland/git-and-stuff	2017-09-08 02:52:54	2017-09-08 02:52:54	2017-09-08 02:53:30	0	0	47
16942	git-wiki	https://github.com/jnewland/git-wiki	2008-05-15 03:12:42	2016-06-14 19:34:54	2008-06-30 02:13:27	10	2	47
608	github-campfire	https://github.com/jnewland/github-campfire	2008-02-16 03:34:31	2017-07-16 10:01:11	2008-07-24 17:54:39	32	11	47
986952	github-tmbundle	https://github.com/jnewland/github-tmbundle	2010-10-14 13:20:22	2014-01-15 07:56:11	2010-10-14 13:21:25	1	0	47
981574	gmond_python_modules	https://github.com/jnewland/gmond_python_modules	2010-10-12 16:20:40	2017-05-21 03:14:19	2011-01-16 16:19:26	7	2	47
2181	db-populate	https://github.com/joshknowles/db-populate	2008-03-03 00:22:30	2017-07-25 13:13:04	2008-03-26 19:39:58	21	19	48
68204	dotfiles	https://github.com/joshknowles/dotfiles	2008-10-27 02:46:29	2016-05-08 15:41:19	2012-09-22 23:40:57	4	1	48
235583	ec2-chef-example	https://github.com/joshknowles/ec2-chef-example	2009-06-24 21:56:56	2013-10-06 23:51:25	2009-06-24 21:58:49	4	2	48
6631941	feed_parser	https://github.com/joshknowles/feed_parser	2012-11-10 20:24:39	2013-07-29 18:57:54	2012-11-10 23:34:16	0	1	48
196831	gitrdoc	https://github.com/joshknowles/gitrdoc	2009-05-09 22:03:19	2017-01-28 21:14:46	2009-05-10 17:12:40	15	2	48
124511	joshknowles.github.com	https://github.com/joshknowles/joshknowles.github.com	2009-02-08 19:58:50	2016-05-09 01:37:02	2010-07-12 18:32:41	2	1	48
70012	pt	https://github.com/joshknowles/pt	2008-10-31 08:26:22	2017-07-20 21:15:33	2008-11-01 15:15:26	16	2	48
2184	rspec-on-rails-matchers	https://github.com/joshknowles/rspec-on-rails-matchers	2008-03-03 00:34:31	2017-07-25 13:13:04	2008-03-26 19:40:02	172	38	48
68663	userscripts	https://github.com/joshknowles/userscripts	2008-10-28 03:46:59	2016-05-08 15:46:27	2017-07-16 11:05:58	2	1	48
213	arc	https://github.com/hornbeck/arc	2008-02-02 03:05:31	2017-07-12 20:10:41	2008-03-26 19:10:51	7	3	49
307	blerb-core	https://github.com/hornbeck/blerb-core	2008-02-06 13:50:43	2017-07-25 13:12:57	2008-03-26 19:12:03	27	2	49
21093	fuzed	https://github.com/hornbeck/fuzed	2008-05-31 20:54:03	2017-05-11 05:50:34	2008-05-31 20:54:04	2	0	49
207077	Little-Erlanger	https://github.com/hornbeck/Little-Erlanger	2009-05-21 19:41:49	2017-11-13 14:01:11	2011-07-22 18:29:26	9	2	49
7310518	resumatoR	https://github.com/hornbeck/resumatoR	2012-12-24 18:44:14	2013-10-02 06:07:11	2013-02-11 04:53:01	1	1	49
840329	rubyzilla	https://github.com/hornbeck/rubyzilla	2010-08-16 04:58:30	2012-12-15 02:12:19	2010-08-16 05:16:34	1	1	49
26388820	test	https://github.com/hornbeck/test	2014-11-09 07:29:32	2014-11-09 07:29:32	2014-11-09 07:29:32	0	0	49
7297812	zendeskR	https://github.com/hornbeck/zendeskR	2012-12-23 18:47:21	2013-02-04 20:48:00	2013-02-04 20:45:31	0	1	49
23227978	adarkroom	https://github.com/jwhitmire/adarkroom	2014-08-22 14:25:25	2014-08-21 03:59:31	2014-08-21 20:23:21	0	1	50
12438440	alfred-terminal-control	https://github.com/jwhitmire/alfred-terminal-control	2013-08-28 16:10:52	2013-08-28 16:10:53	2013-05-12 13:56:01	0	1	50
14092219	chruby.el	https://github.com/jwhitmire/chruby.el	2013-11-03 19:53:26	2014-07-08 17:21:52	2014-07-08 17:21:52	0	1	50
51152058	code-kata	https://github.com/jwhitmire/code-kata	2016-02-05 14:43:52	2016-02-05 14:43:53	2016-02-05 15:12:26	0	1	50
15234645	csv-mode	https://github.com/jwhitmire/csv-mode	2013-12-16 19:12:51	2013-12-16 19:47:22	2013-12-16 19:47:22	0	1	50
21664881	dev-themes	https://github.com/jwhitmire/dev-themes	2014-07-09 19:02:07	2014-07-13 13:40:36	2014-07-09 23:29:46	1	1	50
453459	dial-a-script	https://github.com/jwhitmire/dial-a-script	2009-12-30 15:40:14	2014-02-08 00:09:33	2010-03-08 15:27:18	1	1	50
5007766	donors_choose_gem	https://github.com/jwhitmire/donors_choose_gem	2012-07-12 18:01:58	2013-01-11 03:33:26	2012-07-12 17:57:50	1	1	50
23680763	dotfiles	https://github.com/jwhitmire/dotfiles	2014-09-04 21:53:19	2017-02-05 04:29:08	2017-05-12 02:12:21	1	1	50
18347159	emacs24-starter-kit	https://github.com/jwhitmire/emacs24-starter-kit	2014-04-01 22:29:13	2014-04-15 00:04:15	2014-07-03 02:54:03	0	1	50
13708734	enhanced-ruby-mode	https://github.com/jwhitmire/enhanced-ruby-mode	2013-10-19 21:02:40	2013-10-19 21:02:40	2013-09-16 21:13:27	0	1	50
23736145	factory_girl	https://github.com/jwhitmire/factory_girl	2014-09-06 14:15:18	2014-09-06 00:54:03	2015-07-11 04:30:05	0	0	50
7401731	fbootstrapp	https://github.com/jwhitmire/fbootstrapp	2013-01-02 03:07:48	2013-01-13 21:52:39	2012-01-17 16:16:41	0	0	50
251017	feedzirra	https://github.com/jwhitmire/feedzirra	2009-07-14 16:10:45	2014-03-17 13:01:51	2009-07-14 17:23:14	1	1	50
13569744	Ghost	https://github.com/jwhitmire/Ghost	2013-10-14 18:39:33	2015-03-10 00:44:39	2013-10-24 13:21:56	0	1	50
90326910	habitica	https://github.com/jwhitmire/habitica	2017-05-05 01:58:47	2017-05-05 01:58:58	2017-05-04 16:11:59	0	0	50
2757392	hubot	https://github.com/jwhitmire/hubot	2011-11-11 17:35:17	2017-06-12 15:25:17	2011-11-10 14:13:54	1	0	50
2757416	hubot-scripts	https://github.com/jwhitmire/hubot-scripts	2011-11-11 17:38:17	2013-01-04 15:13:03	2011-11-11 09:14:11	1	0	50
70613908	jdubdox	https://github.com/jwhitmire/jdubdox	2016-10-11 16:36:33	2016-10-11 16:37:09	2016-10-11 06:15:13	0	0	50
8630174	jwhitmire.github.com	https://github.com/jwhitmire/jwhitmire.github.com	2013-03-07 15:19:57	2014-10-04 15:29:59	2013-03-07 15:19:57	1	1	50
395495	lazy_developer	https://github.com/jwhitmire/lazy_developer	2009-12-04 16:09:25	2016-07-26 16:14:08	2009-12-04 17:23:35	1	1	50
726	llor-nu-legacy	https://github.com/jwhitmire/llor-nu-legacy	2008-02-18 19:20:34	2017-07-25 13:12:59	2011-04-15 22:00:17	11	3	50
17452103	oh-my-zsh	https://github.com/jwhitmire/oh-my-zsh	2014-03-05 19:24:04	2014-12-06 16:00:38	2014-12-06 16:00:37	0	0	50
9782948	rails	https://github.com/jwhitmire/rails	2013-05-01 00:27:33	2015-03-10 00:47:40	2013-08-13 22:01:38	0	0	50
9826036	rails-api	https://github.com/jwhitmire/rails-api	2013-05-03 01:11:57	2013-05-03 01:11:57	2013-04-23 11:00:16	0	1	50
5666209	rails-diplomacy	https://github.com/jwhitmire/rails-diplomacy	2012-09-04 01:50:54	2013-01-12 02:22:48	2012-05-21 22:57:29	0	1	50
14647487	replace-colorthemes	https://github.com/jwhitmire/replace-colorthemes	2013-11-23 17:59:37	2014-07-09 18:53:25	2014-07-09 18:53:25	0	1	50
53331	rspec_validation_expectations	https://github.com/jwhitmire/rspec_validation_expectations	2008-09-16 22:46:50	2016-05-08 13:29:43	2010-05-12 03:25:24	3	1	50
23681076	ruby-adjudicator	https://github.com/jwhitmire/ruby-adjudicator	2014-09-04 22:05:25	2014-06-25 18:27:00	2014-02-26 23:19:09	0	1	50
377474	ruby-tmbundle	https://github.com/jwhitmire/ruby-tmbundle	2009-11-18 19:00:26	2012-12-13 14:18:14	2009-11-18 19:01:09	1	1	50
36535615	antimony	https://github.com/elbowdonkey/antimony	2015-05-30 00:10:00	2015-05-30 00:10:01	2015-05-29 21:58:07	0	0	51
112361	axonome	https://github.com/elbowdonkey/axonome	2009-01-22 05:05:05	2017-06-09 23:48:16	2011-04-12 17:50:55	90	8	51
10699429	balsa_chopper	https://github.com/elbowdonkey/balsa_chopper	2013-06-14 23:05:32	2013-10-14 08:25:15	2013-06-14 23:33:44	0	0	51
12066331	bradwii_arduino	https://github.com/elbowdonkey/bradwii_arduino	2013-08-12 21:04:19	2013-08-13 02:17:10	2013-08-13 02:15:40	0	0	51
86486209	eco	https://github.com/elbowdonkey/eco	2017-03-28 17:07:26	2017-03-28 17:07:27	2017-03-28 17:17:06	0	0	51
73876230	elbowdonkey.github.io	https://github.com/elbowdonkey/elbowdonkey.github.io	2016-11-16 02:36:21	2016-11-16 02:36:21	2016-11-16 02:41:52	0	0	51
3276699	ember.js	https://github.com/elbowdonkey/ember.js	2012-01-26 19:32:53	2013-01-06 20:24:27	2012-01-26 19:05:11	1	0	51
4627801	flightcontrol	https://github.com/elbowdonkey/flightcontrol	2012-06-11 17:13:38	2013-03-06 17:18:10	2012-06-12 00:07:00	1	0	51
6237186	gcode_to_canvas	https://github.com/elbowdonkey/gcode_to_canvas	2012-10-16 01:33:49	2013-10-06 19:08:41	2012-10-16 04:39:19	0	0	51
2386450	gitignore	https://github.com/elbowdonkey/gitignore	2011-09-14 16:04:30	2013-01-04 05:51:20	2011-09-14 06:31:09	1	0	51
24970687	hero-starter	https://github.com/elbowdonkey/hero-starter	2014-10-09 02:43:06	2014-10-09 02:42:07	2017-09-27 00:14:37	0	1	51
10976544	hubot	https://github.com/elbowdonkey/hubot	2013-06-26 19:11:50	2017-06-12 15:25:35	2013-06-26 19:40:10	0	0	51
1379755	impsock	https://github.com/elbowdonkey/impsock	2011-02-17 20:37:05	2014-01-03 13:48:36	2017-10-01 21:34:34	38	8	51
5447904	infiniteexcitebike	https://github.com/elbowdonkey/infiniteexcitebike	2012-08-17 04:12:23	2014-04-23 13:35:42	2013-08-02 19:57:32	0	0	51
1631612	IsometricMap	https://github.com/elbowdonkey/IsometricMap	2011-04-18 17:14:49	2014-12-04 12:23:15	2011-04-18 17:18:41	19	8	51
12902123	isopaint	https://github.com/elbowdonkey/isopaint	2013-09-17 17:33:39	2013-12-26 13:49:53	2013-09-27 17:23:24	1	0	51
12261383	jasmine-jquery	https://github.com/elbowdonkey/jasmine-jquery	2013-08-21 04:43:15	2013-08-21 07:56:19	2013-08-21 05:54:31	0	0	51
12262652	jasminerice	https://github.com/elbowdonkey/jasminerice	2013-08-21 06:08:44	2013-08-21 06:08:46	2013-08-06 21:21:35	0	1	51
5695427	js_state	https://github.com/elbowdonkey/js_state	2012-09-06 00:24:58	2014-04-25 18:13:21	2012-10-16 00:35:14	1	0	51
17353791	mbpro_tidy	https://github.com/elbowdonkey/mbpro_tidy	2014-03-03 03:14:03	2017-07-17 21:42:22	2014-03-03 03:15:24	7	2	51
7022473	MCAD	https://github.com/elbowdonkey/MCAD	2012-12-05 18:34:25	2013-01-13 12:38:27	2012-08-07 13:50:09	0	0	51
83247477	metasploit-framework	https://github.com/elbowdonkey/metasploit-framework	2017-02-26 23:10:17	2017-02-26 23:10:42	2017-02-26 20:29:58	0	0	51
10632322	octopress	https://github.com/elbowdonkey/octopress	2013-06-11 22:35:06	2013-06-15 16:55:39	2013-06-11 23:00:18	0	0	51
12686510	photo_gallery	https://github.com/elbowdonkey/photo_gallery	2013-09-08 19:51:09	2014-01-09 07:01:30	2013-09-10 17:00:51	0	0	51
7758289	printables	https://github.com/elbowdonkey/printables	2013-01-22 18:25:07	2014-02-15 14:52:40	2013-05-24 02:46:42	0	0	51
24044828	quilt	https://github.com/elbowdonkey/quilt	2014-09-15 06:02:43	2014-09-15 06:04:31	2014-09-18 05:17:30	0	0	51
15116963	readerly	https://github.com/elbowdonkey/readerly	2013-12-11 19:38:20	2016-06-19 00:43:47	2013-07-03 15:51:34	0	0	51
7968368	RubyScad	https://github.com/elbowdonkey/RubyScad	2013-02-01 23:10:40	2013-02-01 23:10:40	2013-01-24 15:48:33	0	1	51
259978	screw-unit	https://github.com/elbowdonkey/screw-unit	2009-07-24 22:03:06	2012-12-12 23:47:21	2009-11-14 00:01:01	1	1	51
34699810	slaggtacker	https://github.com/elbowdonkey/slaggtacker	2015-04-28 01:03:07	2015-04-28 16:33:12	2015-04-28 16:33:12	0	0	51
43190	accord	https://github.com/reinh/accord	2008-08-16 18:11:18	2016-05-08 11:59:35	2008-08-16 18:11:42	4	0	52
9338746	allong.es	https://github.com/reinh/allong.es	2013-04-10 05:20:50	2013-12-04 22:34:54	2013-04-10 05:21:15	0	0	52
23329386	ansible-vagrant-examples	https://github.com/reinh/ansible-vagrant-examples	2014-08-25 21:30:21	2014-08-24 21:44:28	2014-08-25 02:44:06	0	0	52
41408	archaeopteryx	https://github.com/reinh/archaeopteryx	2008-08-09 23:39:49	2016-01-04 14:15:19	2008-08-09 23:39:52	2	1	52
7948178	asciidoctor	https://github.com/reinh/asciidoctor	2013-01-31 23:41:26	2013-12-04 22:34:54	2013-02-01 02:03:44	0	0	52
880022	Atatonic-CSS-Framework	https://github.com/reinh/Atatonic-CSS-Framework	2010-09-01 18:29:52	2016-05-10 02:50:54	2009-08-30 12:53:14	3	1	52
220497	authlogic	https://github.com/reinh/authlogic	2009-06-06 21:46:54	2014-10-30 20:57:29	2009-06-06 21:47:43	1	1	52
4178680	backbone-rails	https://github.com/reinh/backbone-rails	2012-04-30 00:39:59	2013-12-04 22:34:56	2012-04-30 00:42:27	1	0	52
753930	baretest	https://github.com/reinh/baretest	2010-07-02 18:09:23	2013-12-04 22:34:56	2010-06-11 02:23:43	1	1	52
2357950	batunit	https://github.com/reinh/batunit	2011-09-09 20:40:07	2013-12-04 22:34:56	2011-09-09 22:19:05	3	0	52
13089	bin	https://github.com/reinh/bin	2008-04-28 17:23:03	2016-05-11 21:31:30	2008-04-28 17:23:18	2	0	52
76611957	callouts	https://github.com/reinh/callouts	2016-12-16 01:56:25	2016-12-16 04:35:57	2016-12-16 04:58:25	0	0	52
65316364	cheat	https://github.com/reinh/cheat	2016-08-09 17:52:34	2016-10-01 06:07:14	2016-08-12 23:12:23	1	0	52
23322213	chrisdone-emacs	https://github.com/reinh/chrisdone-emacs	2014-08-25 17:22:49	2014-08-23 13:57:50	2014-08-25 17:24:36	0	0	52
8734993	cloud-to-butt	https://github.com/reinh/cloud-to-butt	2013-03-12 18:20:30	2013-12-04 22:34:57	2013-03-12 18:21:16	0	0	52
19874475	CodeSearch	https://github.com/reinh/CodeSearch	2014-05-17 00:19:12	2014-05-21 02:01:57	2014-05-21 02:01:55	0	0	52
647381	codr	https://github.com/reinh/codr	2010-05-04 21:55:21	2013-12-06 03:38:40	2010-05-04 22:50:25	1	0	52
9015950	coffeequest	https://github.com/reinh/coffeequest	2013-03-25 21:04:18	2014-03-05 06:52:50	2013-03-28 16:10:06	0	0	52
9156508	coffeescript-stemcell	https://github.com/reinh/coffeescript-stemcell	2013-04-01 21:29:38	2013-12-04 22:34:58	2013-04-01 21:29:56	0	0	52
679618	commandant	https://github.com/reinh/commandant	2010-05-21 20:23:59	2014-04-17 12:48:55	2010-05-22 02:00:08	5	1	52
884437	compass-wordpress	https://github.com/reinh/compass-wordpress	2010-09-02 21:48:11	2013-12-04 22:34:59	2010-06-30 14:53:11	2	1	52
2464450	config_badger	https://github.com/reinh/config_badger	2011-09-27 00:23:45	2014-02-25 03:09:03	2011-09-28 00:08:22	3	0	52
38273176	Contract_Automation_Using_LaTeX	https://github.com/reinh/Contract_Automation_Using_LaTeX	2015-06-29 21:51:27	2015-06-29 21:51:28	2013-08-20 20:22:11	0	0	52
25222107	coreos-vagrant-flannel-kubernetes-libswarm-panamax-deis-kibana-elastisearch-grafana-influxdb-galera	https://github.com/reinh/coreos-vagrant-flannel-kubernetes-libswarm-panamax-deis-kibana-elastisearch-grafana-influxdb-galera	2014-10-14 19:07:06	2014-10-18 02:36:12	2014-10-14 06:00:57	0	0	52
89172397	CS410-16	https://github.com/reinh/CS410-16	2017-04-23 21:03:30	2017-04-23 21:03:31	2017-04-11 17:25:06	0	0	52
30936009	cufp.org	https://github.com/reinh/cufp.org	2015-02-17 20:24:25	2015-02-17 20:24:25	2015-02-17 20:26:33	0	0	52
7634998	cv	https://github.com/reinh/cv	2013-01-15 22:58:06	2017-05-06 23:30:16	2013-03-20 19:14:08	2	1	52
9120894	d3js-stemcell	https://github.com/reinh/d3js-stemcell	2013-03-30 19:39:40	2014-01-18 16:12:06	2013-03-30 19:44:56	0	0	52
3036147	data	https://github.com/reinh/data	2011-12-22 19:37:33	2013-12-04 22:35:00	2011-12-22 19:39:06	1	0	52
5594424	devise	https://github.com/reinh/devise	2012-08-29 01:33:28	2013-12-04 22:35:01	2012-08-28 11:17:54	0	0	52
54096	arts	https://github.com/knzconnor/arts	2008-09-18 22:44:41	2016-05-08 13:35:45	2008-09-18 22:48:08	8	3	53
1228953	benchmark-timed_each	https://github.com/knzconnor/benchmark-timed_each	2011-01-07 08:24:29	2013-11-04 04:11:33	2011-01-07 09:20:04	1	0	53
170682	cache_fu	https://github.com/knzconnor/cache_fu	2009-04-08 01:40:35	2016-06-14 19:35:00	2009-04-08 01:49:22	7	1	53
25240690	cocoon	https://github.com/knzconnor/cocoon	2014-10-15 05:50:22	2014-10-15 06:07:41	2014-10-15 06:12:15	0	0	53
177733	dotfiles	https://github.com/knzconnor/dotfiles	2009-04-16 17:14:36	2017-05-30 05:42:55	2011-06-16 17:21:49	5	1	53
1354005	jasmine-fixtures	https://github.com/knzconnor/jasmine-fixtures	2011-02-11 06:28:15	2012-12-18 22:28:06	2011-02-10 23:20:43	1	0	53
75871346	osm-feeds	https://github.com/knzconnor/osm-feeds	2016-12-07 20:05:28	2016-12-07 20:05:29	2015-06-10 02:01:06	0	0	53
2271536	pivotal_workstation	https://github.com/knzconnor/pivotal_workstation	2011-08-26 00:40:07	2014-04-13 16:07:14	2011-09-20 07:47:03	1	0	53
733054	progit	https://github.com/knzconnor/progit	2010-06-22 00:52:54	2012-12-14 19:13:28	2010-05-29 12:26:49	1	1	53
641100	rack	https://github.com/knzconnor/rack	2010-05-01 07:04:26	2013-06-15 20:54:41	2010-05-03 16:09:07	2	1	53
181272	rack-bug	https://github.com/knzconnor/rack-bug	2009-04-20 22:30:27	2016-05-09 12:32:32	2010-10-22 05:12:03	10	1	53
178698	rack-flash	https://github.com/knzconnor/rack-flash	2009-04-17 17:44:17	2016-05-09 12:02:02	2009-05-01 15:18:20	4	0	53
622969	rack-test	https://github.com/knzconnor/rack-test	2010-04-22 06:26:51	2017-04-21 16:54:25	2010-04-22 07:29:59	1	1	53
596619	rakegem	https://github.com/knzconnor/rakegem	2010-04-06 05:38:38	2012-12-14 03:28:51	2010-04-06 19:22:19	1	1	53
2991	range_set	https://github.com/knzconnor/range_set	2008-03-07 21:54:01	2017-07-25 13:13:08	2008-03-26 20:01:55	3	0	53
1276819	resque-scheduler	https://github.com/knzconnor/resque-scheduler	2011-01-21 01:35:07	2012-12-17 19:26:53	2011-01-14 17:42:30	1	0	53
1345287	rspec-core	https://github.com/knzconnor/rspec-core	2011-02-09 06:36:39	2013-09-19 13:10:25	2011-02-09 08:22:13	1	0	53
1345254	rspec-dev	https://github.com/knzconnor/rspec-dev	2011-02-09 06:18:59	2012-12-18 00:08:39	2011-02-07 04:51:23	1	0	53
160338	ruby-tmbundle	https://github.com/knzconnor/ruby-tmbundle	2009-03-26 20:14:41	2016-05-09 08:27:13	2009-03-26 20:39:23	2	0	53
76741425	sb.StardustSuite	https://github.com/knzconnor/sb.StardustSuite	2016-12-17 18:59:01	2016-12-17 18:59:03	2016-10-31 20:57:17	0	0	53
15721	screw-unit	https://github.com/knzconnor/screw-unit	2008-05-09 21:55:32	2016-05-11 21:31:44	2008-07-31 20:26:44	3	0	53
135610	skynet	https://github.com/knzconnor/skynet	2009-02-23 19:49:12	2015-11-05 21:45:46	2009-02-23 22:03:49	3	0	53
1452828	snippets	https://github.com/knzconnor/snippets	2011-03-08 01:33:19	2014-04-21 16:40:02	2011-03-16 03:31:08	1	0	53
106087	test_benchmark	https://github.com/knzconnor/test_benchmark	2009-01-12 21:27:58	2016-09-22 18:46:29	2010-10-24 02:27:21	65	11	53
596319	turn	https://github.com/knzconnor/turn	2010-04-06 00:51:16	2012-12-14 03:28:16	2010-03-09 07:44:44	1	1	53
91629	utility-belt	https://github.com/knzconnor/utility-belt	2008-12-16 20:54:23	2016-05-08 19:33:48	2008-12-18 21:56:43	3	1	53
1354008	vcr	https://github.com/knzconnor/vcr	2011-02-11 06:30:06	2012-12-18 22:28:07	2011-02-10 17:31:37	1	0	53
31114087	AlarmServer	https://github.com/bs/AlarmServer	2015-02-21 03:27:35	2015-02-21 03:27:37	2014-08-01 18:03:56	0	0	68
89535748	browser-laptop	https://github.com/bs/browser-laptop	2017-04-26 23:33:25	2017-04-26 23:33:30	2017-05-01 21:56:24	0	0	68
6522466	dotfiles	https://github.com/bs/dotfiles	2012-11-03 18:04:34	2017-06-30 20:19:46	2017-06-30 21:24:38	0	0	68
38635262	forkmysite	https://github.com/bs/forkmysite	2015-07-06 17:41:28	2015-07-06 17:41:28	2015-07-06 17:40:21	0	0	68
79787851	homebridge-nest	https://github.com/bs/homebridge-nest	2017-01-23 09:05:35	2017-01-23 09:05:37	2017-01-23 09:07:08	0	0	68
14643523	jschesstest	https://github.com/bs/jschesstest	2013-11-23 14:15:44	2013-12-06 07:10:15	2017-07-16 11:16:35	0	0	68
88210253	machine-learning-for-software-engineers	https://github.com/bs/machine-learning-for-software-engineers	2017-04-13 22:06:02	2017-04-13 21:54:53	2017-02-14 12:18:07	0	0	68
552006	pleasejobme	https://github.com/bs/pleasejobme	2010-03-08 05:10:00	2014-02-25 04:04:28	2017-07-16 11:02:19	2	0	68
90890833	signal-muon	https://github.com/bs/signal-muon	2017-05-10 17:28:29	2017-05-10 17:28:31	2017-05-10 17:36:55	0	0	68
69644476	SmartThingsPublic	https://github.com/bs/SmartThingsPublic	2016-09-30 07:29:15	2016-09-30 07:29:31	2016-09-29 21:54:40	0	0	68
351	starling	https://github.com/bs/starling	2008-02-08 22:52:06	2017-07-25 13:12:57	2017-07-16 11:02:58	22	2	68
6041641	yeswecode-screensaver	https://github.com/bs/yeswecode-screensaver	2012-10-02 07:41:19	2013-10-08 10:36:01	2013-07-23 13:14:16	6	3	68
23890057	accept_these_tests	https://github.com/rsanheim/accept_these_tests	2014-09-10 20:02:10	2013-11-26 00:17:34	2014-09-10 20:04:33	0	0	69
94474978	adr-tools	https://github.com/rsanheim/adr-tools	2017-06-15 20:10:04	2017-06-15 20:10:06	2017-05-31 21:38:13	0	0	69
83510725	avocado	https://github.com/rsanheim/avocado	2017-03-01 04:15:49	2017-03-01 04:17:58	2017-10-11 15:00:18	0	0	69
324825	braincron	https://github.com/rsanheim/braincron	2009-10-02 18:09:02	2013-12-25 03:30:58	2009-10-10 23:24:21	3	0	69
332709	braincron_consumer	https://github.com/rsanheim/braincron_consumer	2009-10-10 00:05:03	2014-01-09 08:09:44	2009-10-10 01:00:16	2	0	69
430	brain_buster	https://github.com/rsanheim/brain_buster	2008-02-12 05:53:53	2017-07-25 13:12:58	2014-09-23 04:14:09	60	16	69
326844	chatterbox	https://github.com/rsanheim/chatterbox	2009-10-05 04:35:28	2014-04-17 20:19:37	2010-07-07 00:45:34	21	2	69
326811	chatterbox-email	https://github.com/rsanheim/chatterbox-email	2009-10-05 03:31:15	2013-11-05 07:57:42	2009-10-05 04:43:25	2	0	69
306337	chef-repo	https://github.com/rsanheim/chef-repo	2009-09-14 06:50:28	2016-08-04 14:44:09	2009-10-10 19:06:26	2	1	69
333247	cloud-talk	https://github.com/rsanheim/cloud-talk	2009-10-10 16:00:37	2014-01-14 08:49:53	2009-10-10 19:16:40	2	0	69
52705990	contextio-ruby	https://github.com/rsanheim/contextio-ruby	2016-02-28 05:17:58	2016-02-28 05:17:59	2017-09-27 00:15:04	0	2	69
12675018	deadlock_retry	https://github.com/rsanheim/deadlock_retry	2013-09-08 02:36:13	2013-09-08 23:51:27	2013-09-08 23:51:27	0	0	69
44850973	dotfiles	https://github.com/rsanheim/dotfiles	2015-10-24 03:39:06	2017-07-14 05:13:13	2017-12-14 19:52:50	0	0	69
9918614	email_reply_parser	https://github.com/rsanheim/email_reply_parser	2013-05-07 18:24:49	2014-04-29 12:14:28	2013-07-23 20:04:49	0	0	69
1948508	honey_badger	https://github.com/rsanheim/honey_badger	2011-06-24 16:31:39	2017-11-14 20:22:14	2012-10-22 20:53:49	51	5	69
247146	isis	https://github.com/rsanheim/isis	2009-07-09 14:08:56	2014-02-27 00:00:13	2009-09-13 02:23:37	2	0	69
5849154	madison-code-and-coffee	https://github.com/rsanheim/madison-code-and-coffee	2012-09-18 00:11:40	2015-11-05 15:38:18	2012-11-26 16:52:16	5	0	69
92316816	md2key	https://github.com/rsanheim/md2key	2017-05-24 17:07:40	2017-05-24 17:07:42	2017-05-24 17:08:49	0	0	69
172967	micronaut	https://github.com/rsanheim/micronaut	2009-04-10 19:01:15	2016-05-09 10:52:44	2009-03-28 03:56:32	3	0	69
821612	nachos	https://github.com/rsanheim/nachos	2010-08-06 15:22:56	2015-09-08 13:00:12	2014-02-12 03:42:05	16	7	69
4360245	pairhost	https://github.com/rsanheim/pairhost	2012-05-17 16:03:15	2013-01-09 05:31:34	2011-08-30 21:20:51	1	0	69
8345006	paper_trail	https://github.com/rsanheim/paper_trail	2013-02-21 22:00:25	2013-03-04 19:40:51	2013-03-04 19:40:49	0	0	69
3173455	pivotal_workstation	https://github.com/rsanheim/pivotal_workstation	2012-01-13 18:56:30	2013-01-05 20:30:05	2012-01-14 02:13:23	1	0	69
3912	prag_dave_testing	https://github.com/rsanheim/prag_dave_testing	2008-03-14 17:33:56	2017-07-25 13:13:16	2008-08-14 04:08:16	8	1	69
16676113	preflight	https://github.com/rsanheim/preflight	2014-02-09 21:26:58	2017-10-19 05:49:56	2017-10-19 05:49:55	4	1	69
39287394	rails	https://github.com/rsanheim/rails	2015-07-18 05:08:04	2015-07-18 05:08:32	2015-07-18 05:15:19	0	0	69
36909679	railscasts	https://github.com/rsanheim/railscasts	2015-06-05 03:25:06	2015-06-05 03:25:06	2012-02-01 07:35:57	0	0	69
5905269	redis-doc	https://github.com/rsanheim/redis-doc	2012-09-21 17:58:47	2013-01-12 08:32:37	2012-09-21 18:27:15	0	0	69
484078	robsanheim.com-old	https://github.com/rsanheim/robsanheim.com-old	2010-01-22 17:03:23	2013-01-05 01:20:34	2010-01-22 21:02:35	2	1	69
494139	rsanheim.github.com	https://github.com/rsanheim/rsanheim.github.com	2010-01-29 20:08:06	2013-12-25 02:26:55	2012-11-27 19:46:29	2	0	69
18652806	3D-Me	https://github.com/schacon/3D-Me	2014-04-10 21:40:18	2014-04-10 21:53:58	2014-04-10 21:53:58	0	0	70
322596	aeon	https://github.com/schacon/aeon	2009-09-30 18:44:58	2015-07-04 15:31:31	2009-09-29 02:16:07	3	0	70
265158	agitmemnon	https://github.com/schacon/agitmemnon	2009-07-30 21:28:26	2015-04-05 11:32:00	2009-09-08 22:50:17	7	2	70
271983	agitmemnon-server	https://github.com/schacon/agitmemnon-server	2009-08-07 20:10:58	2016-09-22 18:46:50	2009-09-07 19:32:50	12	3	70
383605	amp	https://github.com/schacon/amp	2009-11-24 08:04:38	2017-06-29 22:21:55	2009-12-16 22:47:42	3	2	70
453957	arel	https://github.com/schacon/arel	2009-12-30 23:54:51	2017-06-29 22:21:55	2009-12-29 19:05:06	3	1	70
1399106	article	https://github.com/schacon/article	2011-02-22 19:53:35	2015-07-04 15:44:27	2011-03-01 00:38:15	3	0	70
24407924	asciidoc_samples	https://github.com/schacon/asciidoc_samples	2014-09-24 08:57:50	2014-09-22 19:16:09	2014-08-13 20:22:53	0	0	70
20140	asgit	https://github.com/schacon/asgit	2008-05-28 05:12:33	2017-05-11 05:50:30	2008-12-28 04:46:22	40	3	70
25365750	atlas-api	https://github.com/schacon/atlas-api	2014-10-17 15:58:38	2014-05-19 20:32:11	2014-03-04 19:54:03	0	0	70
151644	benchwarmer	https://github.com/schacon/benchwarmer	2009-03-15 23:59:48	2017-06-29 22:21:51	2008-05-06 07:11:23	3	1	70
18278583	binary-code	https://github.com/schacon/binary-code	2014-03-31 01:35:46	2016-01-22 15:16:47	2014-04-05 16:58:08	1	4	70
2483488	blah	https://github.com/schacon/blah	2011-09-29 17:08:28	2017-06-29 22:22:08	2011-09-29 17:18:06	1	1	70
20782866	blink	https://github.com/schacon/blink	2014-06-12 21:04:52	2017-12-17 04:24:57	2017-12-17 12:33:19	6	525	70
408538	bundler	https://github.com/schacon/bundler	2009-12-08 20:00:43	2017-06-29 22:21:55	2009-12-08 20:03:16	4	1	70
1702146	bup	https://github.com/schacon/bup	2011-05-04 16:41:55	2015-07-04 15:19:15	2011-04-06 15:27:21	1	0	70
27678439	calcdown	https://github.com/schacon/calcdown	2014-12-07 17:35:10	2017-06-25 15:50:22	2014-12-07 20:59:57	7	1	70
1048573	campyre	https://github.com/schacon/campyre	2010-11-03 17:44:18	2013-11-09 22:55:56	2010-11-03 17:44:45	3	1	70
102916641	chatterblog1	https://github.com/schacon/chatterblog1	2017-09-09 01:05:33	2017-09-09 01:09:23	2017-09-09 04:18:53	0	0	70
13811601	choosealicense.com	https://github.com/schacon/choosealicense.com	2013-10-23 18:50:07	2013-10-27 15:03:33	2013-10-23 18:52:22	2	1	70
139923	chronic	https://github.com/schacon/chronic	2009-02-28 18:02:30	2017-06-29 22:21:51	2008-11-14 07:49:20	4	1	70
2380927	clippy	https://github.com/schacon/clippy	2011-09-13 19:54:39	2017-06-12 00:21:24	2011-09-13 19:55:49	4	1	70
100442	cocoagit	https://github.com/schacon/cocoagit	2009-01-03 23:05:29	2017-10-05 21:55:51	2009-05-31 00:43:05	14	2	70
1344164	collabgit	https://github.com/schacon/collabgit	2011-02-08 23:26:11	2013-10-27 15:03:30	2011-03-26 06:43:03	6	3	70
556622	cowsay	https://github.com/schacon/cowsay	2010-03-10 22:15:20	2017-12-13 08:26:15	2016-11-03 16:50:30	148	54	70
136406	cucumber	https://github.com/schacon/cucumber	2009-09-28 02:47:46	2017-06-29 22:21:51	2009-09-24 23:19:38	4	3	70
1254893	ddd	https://github.com/schacon/ddd	2011-01-14 15:58:31	2016-07-17 18:09:35	2011-01-14 23:07:21	21	1	70
2336760	diveclog	https://github.com/schacon/diveclog	2011-09-06 19:27:37	2017-01-01 01:10:35	2011-09-06 19:35:47	1	0	70
576179	django-schedule	https://github.com/schacon/django-schedule	2010-03-23 18:45:52	2015-07-04 15:24:19	2010-03-23 18:47:31	3	0	70
4716032	docurium	https://github.com/schacon/docurium	2012-06-19 16:15:04	2016-10-16 15:45:25	2012-05-21 19:15:28	17	1	70
11608046	ansible	https://github.com/uggedal/ansible	2013-07-23 12:43:38	2013-10-27 19:03:06	2013-08-26 11:25:35	0	0	71
24671878	aports	https://github.com/uggedal/aports	2014-10-01 08:59:41	2014-09-02 14:06:07	2014-10-01 08:56:19	0	0	71
7866758	cdist	https://github.com/uggedal/cdist	2013-01-28 09:28:36	2015-09-06 19:30:47	2013-01-28 13:32:57	0	0	71
73427167	core-plans	https://github.com/uggedal/core-plans	2016-11-10 22:44:47	2016-11-10 22:44:49	2016-11-10 23:01:40	0	0	71
521666	django-flatblocks	https://github.com/uggedal/django-flatblocks	2010-02-17 10:34:27	2012-12-13 23:24:10	2010-02-17 12:46:49	1	1	71
159160	django-positions	https://github.com/uggedal/django-positions	2009-03-25 15:42:22	2016-05-09 08:14:40	2009-03-25 16:05:15	1	0	71
18730873	docker	https://github.com/uggedal/docker	2014-04-13 14:22:27	2017-04-18 14:47:39	2014-04-15 08:00:05	0	0	71
15686070	docker-overlay	https://github.com/uggedal/docker-overlay	2014-01-06 21:38:17	2014-01-08 19:16:35	2014-01-06 21:53:08	0	0	71
8783146	feedhq	https://github.com/uggedal/feedhq	2013-03-14 19:08:47	2013-07-09 19:30:18	2013-03-14 20:48:23	0	0	71
9734743	fish-shell	https://github.com/uggedal/fish-shell	2013-04-28 19:09:01	2013-05-01 15:46:06	2013-05-01 15:46:05	0	0	71
8699	halcyon	https://github.com/uggedal/halcyon	2008-04-11 12:18:18	2017-07-27 04:49:11	2008-04-11 13:58:06	2	0	71
674997	jsoup	https://github.com/uggedal/jsoup	2010-05-19 12:43:01	2012-12-14 17:08:42	2010-05-19 12:56:41	1	1	71
595942	kokki	https://github.com/uggedal/kokki	2010-04-05 19:59:23	2012-12-14 03:27:28	2010-04-08 19:57:20	1	1	71
575581	libcloud	https://github.com/uggedal/libcloud	2010-03-23 12:36:47	2012-12-14 02:48:53	2010-03-23 16:58:35	1	1	71
24109423	liblogging	https://github.com/uggedal/liblogging	2014-09-16 17:13:45	2014-06-23 11:18:36	2014-09-16 21:15:58	0	0	71
2437950	littlechef	https://github.com/uggedal/littlechef	2011-09-22 15:21:02	2013-01-04 07:11:42	2011-09-22 21:10:59	0	0	71
16949098	lxc	https://github.com/uggedal/lxc	2014-02-18 13:04:40	2014-02-18 13:09:42	2014-02-18 13:07:50	0	0	71
137	mofo	https://github.com/uggedal/mofo	2008-01-27 07:06:40	2017-07-25 13:12:56	2008-03-26 16:48:21	3	1	71
10748228	n	https://github.com/uggedal/n	2013-06-17 21:53:58	2013-06-26 21:03:01	2013-06-17 22:09:57	0	0	71
12611694	nginx-boilerplate	https://github.com/uggedal/nginx-boilerplate	2013-09-05 07:12:07	2015-07-23 03:58:17	2017-09-27 00:15:22	2	2	71
11181832	node	https://github.com/uggedal/node	2013-07-04 16:16:11	2014-10-11 00:45:24	2013-07-04 17:19:28	0	0	71
9969636	oh-my-fish	https://github.com/uggedal/oh-my-fish	2013-05-09 22:10:37	2015-05-31 16:33:51	2013-08-08 07:40:29	0	0	71
4582930	phantomjs	https://github.com/uggedal/phantomjs	2012-06-07 08:30:32	2015-10-21 20:07:45	2012-06-07 08:38:52	1	0	71
82648217	polybar	https://github.com/uggedal/polybar	2017-02-21 07:09:44	2017-02-21 07:09:46	2017-02-21 07:19:12	0	0	71
60676539	pyinfra	https://github.com/uggedal/pyinfra	2016-06-08 07:07:52	2016-06-08 07:07:55	2016-06-23 12:32:59	0	0	71
208328	pytyrant	https://github.com/uggedal/pytyrant	2009-05-23 13:41:25	2012-12-12 22:16:48	2009-06-24 12:28:17	1	2	71
29443331	qutebrowser	https://github.com/uggedal/qutebrowser	2015-01-18 22:21:18	2017-02-04 23:05:32	2015-01-18 22:32:58	0	0	71
35429641	reactify	https://github.com/uggedal/reactify	2015-05-11 14:38:52	2015-05-11 14:38:53	2015-05-11 16:07:26	0	0	71
199683	redis	https://github.com/uggedal/redis	2009-05-13 09:32:45	2015-03-10 00:47:19	2009-05-13 14:06:16	0	0	71
5604999	salt	https://github.com/uggedal/salt	2012-08-29 18:47:10	2013-11-12 17:43:56	2012-10-08 14:34:54	0	0	71
39589675	.emacs.d	https://github.com/bruce/.emacs.d	2015-07-23 20:05:41	2017-09-09 20:49:47	2015-03-12 03:46:33	1	0	72
88114247	absinthe	https://github.com/bruce/absinthe	2017-04-13 02:01:59	2017-09-09 20:35:48	2017-11-14 05:03:11	1	0	72
100529599	absinthe-battleship-assets	https://github.com/bruce/absinthe-battleship-assets	2017-08-16 20:24:39	2017-09-09 20:32:30	2017-08-16 21:15:49	1	0	72
81768117	absinthe_plug	https://github.com/bruce/absinthe_plug	2017-02-13 00:17:14	2017-09-09 20:36:33	2017-03-02 07:24:43	1	0	72
1445394	also_migrate	https://github.com/bruce/also_migrate	2011-03-06 04:47:13	2017-09-09 21:27:18	2011-03-06 04:56:08	2	0	72
12363585	angular-dragdrop	https://github.com/bruce/angular-dragdrop	2013-08-25 18:31:25	2017-09-09 21:01:00	2017-09-27 00:15:29	1	1	72
13428313	ansible-jenkins	https://github.com/bruce/ansible-jenkins	2013-10-08 23:35:46	2017-09-09 20:58:38	2013-10-03 13:08:25	1	0	72
15991214	api-pagination	https://github.com/bruce/api-pagination	2014-01-17 05:39:53	2017-09-09 20:52:51	2014-01-17 05:55:49	1	0	72
94487369	apollo-client	https://github.com/bruce/apollo-client	2017-06-15 23:46:41	2017-09-09 20:33:59	2017-06-15 23:48:41	1	0	72
100837238	apollo-phoenix-websocket	https://github.com/bruce/apollo-phoenix-websocket	2017-08-20 04:05:40	2017-09-09 20:33:22	2017-07-30 18:43:27	1	0	72
31287555	app-router	https://github.com/bruce/app-router	2015-02-24 23:30:51	2017-09-09 20:50:23	2015-02-24 23:39:16	1	0	72
158684	archibald	https://github.com/bruce/archibald	2009-03-25 01:44:24	2017-09-09 21:38:13	2009-03-25 01:44:45	4	0	72
17237088	atom-csscomb	https://github.com/bruce/atom-csscomb	2014-02-27 04:52:15	2017-09-09 20:48:22	2015-06-09 20:28:08	25	5	72
204408	bitmask-attribute	https://github.com/bruce/bitmask-attribute	2009-05-19 01:30:24	2017-10-22 09:45:10	2011-10-17 15:46:58	34	78	72
15559968	bootstrap	https://github.com/bruce/bootstrap	2014-01-01 03:18:29	2017-09-09 20:53:34	2013-12-31 17:12:37	1	0	72
29035826	braketini	https://github.com/bruce/braketini	2015-01-09 21:19:23	2017-09-09 20:51:09	2015-01-09 21:24:23	1	0	72
11398300	bruce-io	https://github.com/bruce/bruce-io	2013-07-14 04:24:23	2017-09-09 21:01:45	2013-07-14 04:30:02	1	0	72
66049723	bruce.io	https://github.com/bruce/bruce.io	2016-08-19 03:29:40	2017-09-09 20:40:40	2016-08-19 22:51:50	1	0	72
292868	bumpspark	https://github.com/bruce/bumpspark	2009-08-31 02:49:46	2017-09-09 21:06:42	2013-01-30 22:04:58	40	3	72
13896380	capistrano-unicorn	https://github.com/bruce/capistrano-unicorn	2013-10-27 05:33:39	2017-09-09 20:57:19	2013-10-27 05:37:51	1	1	72
94033619	chump	https://github.com/bruce/chump	2017-06-11 21:42:00	2017-09-09 20:35:35	2017-06-11 22:02:19	1	0	72
2017177	citizenry	https://github.com/bruce/citizenry	2011-07-08 09:52:57	2017-09-09 21:11:12	2011-04-16 06:57:12	2	0	72
10899268	clauth	https://github.com/bruce/clauth	2013-06-24 05:11:05	2017-09-09 21:09:17	2012-08-27 18:36:31	1	0	72
232519	clojure-experiments	https://github.com/bruce/clojure-experiments	2009-06-21 07:50:07	2013-10-07 11:58:53	2009-06-21 20:26:21	1	0	72
179016	compare-app	https://github.com/bruce/compare-app	2009-04-18 02:14:29	2017-09-09 21:37:48	2009-04-18 03:04:47	4	0	72
146604	dash-haskell	https://github.com/bruce/dash-haskell	2009-03-09 17:02:40	2017-09-09 21:38:49	2009-03-09 19:06:06	3	0	72
75522148	debug	https://github.com/bruce/debug	2016-12-04 06:48:08	2017-09-09 20:39:53	2016-11-28 17:25:12	1	0	72
52445	delve	https://github.com/bruce/delve	2008-09-14 04:39:44	2017-09-09 21:40:40	2008-09-14 05:24:28	3	0	72
16044658	dotfiles	https://github.com/bruce/dotfiles	2014-01-19 11:30:03	2017-09-09 20:47:40	2015-07-19 19:26:50	1	0	72
448525	DropBox	https://github.com/bruce/DropBox	2009-12-24 20:30:54	2017-09-09 21:34:46	2009-10-13 04:21:35	2	1	72
10820993	async-example	https://github.com/sam/async-example	2013-06-20 14:01:02	2017-11-01 19:22:52	2013-06-20 14:40:55	1	0	73
41059121	aws-dynamodb-scala	https://github.com/sam/aws-dynamodb-scala	2015-08-19 20:48:12	2015-08-19 20:48:12	2015-08-20 16:20:57	0	1	73
4128827	bbd	https://github.com/sam/bbd	2012-04-24 19:37:14	2013-08-22 10:47:29	2012-04-24 22:20:41	0	0	73
3279694	blog	https://github.com/sam/blog	2012-01-27 02:49:15	2014-01-06 04:53:42	2013-02-06 20:00:23	3	4	73
46817085	calculator	https://github.com/sam/calculator	2015-11-24 20:35:29	2015-11-24 20:36:11	2015-11-24 20:43:32	0	0	73
68844389	cloudant-search	https://github.com/sam/cloudant-search	2016-09-21 18:06:29	2016-09-21 18:06:30	2016-02-08 16:03:36	0	0	73
11955549	collections-vs	https://github.com/sam/collections-vs	2013-08-07 17:05:33	2013-12-06 05:27:39	2013-08-07 17:10:20	0	0	73
68841628	couchdb	https://github.com/sam/couchdb	2016-09-21 17:31:30	2016-09-21 17:31:32	2016-09-21 17:32:36	0	0	73
69034116	couchdb-search	https://github.com/sam/couchdb-search	2016-09-23 14:49:19	2016-09-23 14:49:19	2016-09-26 22:29:29	0	1	73
68856588	docker-couchdb	https://github.com/sam/docker-couchdb	2016-09-21 20:52:16	2016-09-21 20:52:18	2016-09-20 15:57:46	0	0	73
5799179	doubleshot	https://github.com/sam/doubleshot	2012-09-13 18:38:18	2017-07-31 10:31:54	2017-09-27 00:15:40	20	5	73
3172162	geminaboxplus	https://github.com/sam/geminaboxplus	2012-01-13 16:12:28	2013-12-30 22:26:47	2012-02-21 22:57:06	2	1	73
3436381	harbor	https://github.com/sam/harbor	2012-02-14 02:31:59	2015-11-06 00:34:49	2012-11-13 18:42:42	5	4	73
4276384	harbor-ftp	https://github.com/sam/harbor-ftp	2012-05-09 20:27:01	2013-10-03 01:29:21	2012-08-08 17:40:21	2	1	73
43399449	htmlunit-core-js	https://github.com/sam/htmlunit-core-js	2015-09-29 23:05:48	2015-09-29 23:05:49	2015-08-24 11:06:19	0	0	73
43399443	htmlunit-rhino-fork	https://github.com/sam/htmlunit-rhino-fork	2015-09-29 23:05:40	2015-09-29 23:05:48	2015-06-03 10:06:29	0	0	73
12278254	imgscalr-scala-example	https://github.com/sam/imgscalr-scala-example	2013-08-21 18:39:22	2013-12-22 09:56:51	2013-08-22 14:59:01	0	0	73
5401258	infinispan-configuration	https://github.com/sam/infinispan-configuration	2012-08-13 16:03:34	2014-03-13 22:05:27	2012-08-16 17:12:37	0	0	73
4664832	jar-hello-world	https://github.com/sam/jar-hello-world	2012-06-14 15:17:57	2013-12-09 20:19:24	2012-08-07 16:19:19	0	1	73
11026955	jepsen-couchdb	https://github.com/sam/jepsen-couchdb	2013-06-28 13:31:51	2013-06-28 13:31:51	2013-06-19 14:56:39	0	0	73
3931156	jetty-hello-world	https://github.com/sam/jetty-hello-world	2012-04-04 17:21:30	2014-05-20 21:26:52	2012-06-14 15:22:15	1	0	73
51034095	json4s	https://github.com/sam/json4s	2016-02-03 22:06:55	2016-02-03 22:06:56	2016-01-25 14:57:32	0	0	73
3575615	mail_builder	https://github.com/sam/mail_builder	2012-02-28 21:11:02	2017-04-06 19:39:06	2012-12-05 17:50:15	1	0	73
5399303	map-benchmarks	https://github.com/sam/map-benchmarks	2012-08-13 13:30:20	2014-08-08 06:42:08	2012-08-13 15:31:34	7	2	73
3159651	mod_zip	https://github.com/sam/mod_zip	2012-01-12 04:03:38	2013-04-24 14:16:28	2012-01-18 03:38:47	0	0	73
6928338	onchange	https://github.com/sam/onchange	2012-11-29 20:51:25	2013-12-04 23:56:58	2012-12-04 18:05:29	0	1	73
7568091	play2-memcached	https://github.com/sam/play2-memcached	2013-01-11 22:20:31	2013-01-14 15:52:19	2012-12-13 15:53:29	1	0	73
58219636	process-streaming	https://github.com/sam/process-streaming	2016-05-06 16:16:21	2016-05-06 16:32:13	2016-05-06 19:09:11	0	0	73
3165373	redis_directory	https://github.com/sam/redis_directory	2012-01-12 20:15:57	2013-04-24 14:16:27	2011-10-19 19:53:57	0	0	73
6783366	ruby-style-guide	https://github.com/sam/ruby-style-guide	2012-11-20 19:02:11	2013-01-13 06:05:10	2012-11-20 19:02:51	0	0	73
90236876	acronymium	https://github.com/mmower/acronymium	2017-05-04 07:59:04	2017-05-09 13:29:21	2017-05-14 08:46:21	1	0	74
106920764	aido	https://github.com/mmower/aido	2017-10-14 11:02:22	2017-11-16 23:18:08	2017-11-30 23:01:06	2	0	74
64992	alonetone	https://github.com/mmower/alonetone	2009-08-31 21:53:18	2016-05-08 15:10:32	2011-03-02 17:59:07	4	1	74
6237	bishop	https://github.com/mmower/bishop	2008-04-02 09:37:17	2017-07-27 04:48:52	2011-11-01 02:54:59	24	7	74
155744	blueprint-css	https://github.com/mmower/blueprint-css	2009-03-21 14:11:42	2016-05-09 07:37:21	2009-03-03 02:36:58	2	0	74
573838	bones	https://github.com/mmower/bones	2010-03-22 11:27:08	2013-12-25 07:29:55	2010-03-22 11:27:56	1	0	74
39193653	caisson	https://github.com/mmower/caisson	2015-07-16 11:40:16	2015-07-16 11:40:16	2015-07-16 11:42:48	0	0	74
9842521	cell-culture-1	https://github.com/mmower/cell-culture-1	2013-05-03 18:56:52	2014-01-10 14:52:04	2013-05-03 19:49:44	0	0	74
9852523	cell-culture-3	https://github.com/mmower/cell-culture-3	2013-05-04 10:26:47	2013-10-06 22:26:49	2013-05-12 21:00:49	0	0	74
15511024	clojure-lanterna	https://github.com/mmower/clojure-lanterna	2013-12-29 16:12:37	2017-01-30 12:18:12	2013-07-11 00:26:45	0	0	74
4024544	CocoaAsyncSocket	https://github.com/mmower/CocoaAsyncSocket	2012-04-14 12:15:23	2013-01-08 17:16:58	2012-04-13 03:51:32	1	0	74
17246909	codox	https://github.com/mmower/codox	2014-02-27 11:42:08	2014-02-27 11:42:09	2014-02-15 21:22:03	0	0	74
35128737	collider	https://github.com/mmower/collider	2015-05-05 23:22:00	2015-05-08 00:22:48	2015-05-09 12:22:18	0	0	74
31415	coreplus	https://github.com/mmower/coreplus	2008-07-05 13:10:33	2016-05-08 10:24:53	2008-07-05 17:03:58	3	0	74
97324	crashcity	https://github.com/mmower/crashcity	2008-12-28 00:18:07	2016-05-08 20:37:37	2008-12-28 00:18:34	2	0	74
65487851	cwmapper	https://github.com/mmower/cwmapper	2016-08-11 17:20:09	2016-08-11 17:21:02	2016-08-11 22:42:46	0	0	74
18913107	dependency	https://github.com/mmower/dependency	2014-04-18 12:58:53	2015-03-13 18:47:16	2015-03-13 18:47:15	0	0	74
43548	dg834statsd	https://github.com/mmower/dg834statsd	2008-08-18 09:50:06	2016-05-08 12:02:38	2008-08-19 16:41:38	2	0	74
17899	diffly	https://github.com/mmower/diffly	2008-05-19 00:18:22	2017-02-09 02:45:02	2009-10-05 09:14:42	9	1	74
47387	elysium	https://github.com/mmower/elysium	2008-08-29 18:41:05	2017-12-17 15:06:16	2009-10-05 22:01:36	39	4	74
88108	embeddable-macruby	https://github.com/mmower/embeddable-macruby	2008-12-10 10:30:14	2016-05-08 18:58:38	2008-12-10 10:45:41	2	0	74
1113272	errata_plugin	https://github.com/mmower/errata_plugin	2010-11-25 22:30:28	2013-12-01 00:23:05	2010-12-12 23:31:59	1	0	74
73546201	expectations-test-case	https://github.com/mmower/expectations-test-case	2016-11-12 10:30:51	2016-11-12 10:33:51	2016-11-12 18:15:20	0	1	74
897559	Freeman	https://github.com/mmower/Freeman	2010-09-09 00:51:45	2015-11-09 00:07:20	2014-07-10 20:47:38	3	0	74
5722275	Gen	https://github.com/mmower/Gen	2012-09-07 20:48:34	2016-06-08 15:13:07	2012-09-08 21:45:19	11	3	74
3054	godo	https://github.com/mmower/godo	2008-03-08 13:59:49	2017-07-25 13:13:08	2008-05-30 20:09:11	9	2	74
516509	Grayson	https://github.com/mmower/Grayson	2010-02-13 14:33:13	2012-12-13 23:14:23	\N	1	0	74
1342692	Hexdump	https://github.com/mmower/Hexdump	2011-02-08 16:46:05	2013-10-25 01:31:49	2016-01-24 22:29:17	4	3	74
322471	homebrew	https://github.com/mmower/homebrew	2009-09-30 16:38:15	2013-12-14 01:23:11	2012-11-20 21:24:54	1	1	74
109887	jscocoa	https://github.com/mmower/jscocoa	2009-10-01 20:56:12	2016-05-08 23:02:08	2009-09-29 00:03:21	2	0	74
15571576	abhay.github.io	https://github.com/abhay/abhay.github.io	2014-01-01 23:04:05	2014-01-01 23:04:05	2014-01-01 23:04:05	0	0	75
194744	addressable	https://github.com/abhay/addressable	2009-05-07 06:21:58	2017-08-22 03:55:55	2009-05-01 13:34:12	1	0	75
341809	bundles	https://github.com/abhay/bundles	2009-10-19 02:43:48	2017-08-22 03:55:34	2009-10-19 02:46:20	0	1	75
142	calais	https://github.com/abhay/calais	2008-01-29 04:10:12	2017-08-22 03:56:16	2014-04-22 03:30:10	134	51	75
703	chronic	https://github.com/abhay/chronic	2008-01-29 06:48:49	2017-08-22 03:56:18	2008-03-26 19:16:08	3	0	75
194734	dm-core	https://github.com/abhay/dm-core	2009-05-07 06:09:13	2017-08-22 03:55:57	2009-05-07 02:10:29	1	0	75
185178	dm-more	https://github.com/abhay/dm-more	2009-04-25 08:15:49	2017-08-22 03:55:58	2009-04-25 08:17:33	1	0	75
20540	dynomite	https://github.com/abhay/dynomite	2008-05-29 19:42:41	2017-08-22 03:56:27	2008-07-22 04:59:00	1	0	75
314534	erlang	https://github.com/abhay/erlang	2009-09-22 17:18:30	2017-08-22 03:55:42	2009-09-22 17:23:35	0	1	75
659457	erlang-bcrypt	https://github.com/abhay/erlang-bcrypt	2010-05-10 18:42:44	2017-11-13 14:01:28	2010-05-01 11:16:23	10	91	75
265342	erlang_nginx	https://github.com/abhay/erlang_nginx	2009-07-31 02:33:16	2017-08-22 03:55:48	2009-08-02 18:17:44	1	3	75
682658	erldis	https://github.com/abhay/erldis	2010-05-24 03:44:51	2017-08-22 03:55:13	2010-05-18 17:05:46	0	1	75
17729	erlectricity	https://github.com/abhay/erlectricity	2008-05-18 07:33:02	2017-08-22 03:56:24	2008-05-31 18:42:30	1	0	75
25885	eunit	https://github.com/abhay/eunit	2008-06-17 00:00:32	2017-08-22 03:56:33	2008-06-17 00:00:54	11	3	75
173085	extlib	https://github.com/abhay/extlib	2009-04-10 21:58:18	2017-08-22 03:56:50	2009-04-10 22:24:56	1	0	75
17736	fuzed	https://github.com/abhay/fuzed	2008-05-18 09:12:52	2017-08-22 03:56:25	2008-07-09 20:57:17	4	1	75
140	gchart	https://github.com/abhay/gchart	2008-01-28 21:23:10	2017-10-02 15:38:34	2008-05-08 22:20:24	34	13	75
3540189	gladman-aes	https://github.com/abhay/gladman-aes	2012-02-24 22:04:09	2017-11-15 20:47:04	2012-02-24 22:08:25	6	5	75
1154867	ibrowse	https://github.com/abhay/ibrowse	2010-12-10 00:14:10	2017-08-22 03:55:11	2010-12-10 01:06:30	0	0	75
1673706	IR_Black-for-Intellij-Idea-X	https://github.com/abhay/IR_Black-for-Intellij-Idea-X	2011-04-28 01:42:36	2017-08-22 03:55:07	2012-01-31 01:37:27	0	0	75
23881856	minesweeper	https://github.com/abhay/minesweeper	2014-09-10 16:19:49	2014-09-07 04:26:35	2014-09-10 04:18:32	0	0	75
20906	mochiweb.old	https://github.com/abhay/mochiweb.old	2008-05-31 01:55:29	2017-08-22 03:56:29	2008-06-24 18:08:29	7	4	75
282549	mooish-template	https://github.com/abhay/mooish-template	2009-08-19 23:24:16	2017-08-22 03:55:44	2010-01-03 00:52:57	0	1	75
659661	neotoma	https://github.com/abhay/neotoma	2010-05-10 20:35:38	2017-08-22 03:55:15	2010-06-14 03:45:17	0	1	75
10088253	Octosplit	https://github.com/abhay/Octosplit	2013-05-15 21:21:40	2013-05-15 21:21:40	2013-05-10 11:38:58	0	0	75
20404	sample-rpc-server	https://github.com/abhay/sample-rpc-server	2008-05-29 08:11:51	2017-11-13 14:01:03	2008-06-02 21:21:44	6	4	75
587236	sf-vegetarian-restaurants	https://github.com/abhay/sf-vegetarian-restaurants	2010-03-30 19:57:48	2017-08-22 03:55:26	2010-06-07 02:48:36	0	1	75
22610	skydeck	https://github.com/abhay/skydeck	2008-06-05 19:18:22	2017-08-22 03:56:32	2008-06-05 19:18:42	2	0	75
39241	steezy-pibb	https://github.com/abhay/steezy-pibb	2008-08-01 18:19:27	2017-08-22 03:56:42	2008-12-16 03:41:20	1	0	75
276623	typhoeus	https://github.com/abhay/typhoeus	2009-08-13 02:16:10	2017-08-22 03:55:47	2009-08-27 06:42:55	0	1	75
\.


--
-- Data for Name: users; Type: TABLE DATA; Schema: public; Owner: simple
--

COPY users (id, login) FROM stdin;
1	mojombo
2	defunkt
3	pjhyett
4	wycats
5	ezmobius
6	ivey
7	evanphx
17	vanpelt
18	wayneeseguin
19	brynary
20	kevinclark
21	technoweenie
22	macournoyer
23	takeo
25	Caged
26	topfunky
27	anotherjesse
28	roland
29	lukas
30	fanvsfan
31	tomtt
32	railsjitsu
34	nitay
35	kevwil
36	KirinDave
37	jamesgolick
38	atmos
44	errfree
45	mojodna
46	bmizerany
47	jnewland
48	joshknowles
49	hornbeck
50	jwhitmire
51	elbowdonkey
52	reinh
53	knzconnor
68	bs
69	rsanheim
70	schacon
71	uggedal
72	bruce
73	sam
74	mmower
75	abhay
76	rabble
\.


--
-- Name: languages_id_seq; Type: SEQUENCE SET; Schema: public; Owner: simple
--

SELECT pg_catalog.setval('languages_id_seq', 152, true);


--
-- Name: lang_repo lang_repo_pkey; Type: CONSTRAINT; Schema: public; Owner: simple
--

ALTER TABLE ONLY lang_repo
    ADD CONSTRAINT lang_repo_pkey PRIMARY KEY (lang_id, repo_id);


--
-- Name: languages languages_name_key; Type: CONSTRAINT; Schema: public; Owner: simple
--

ALTER TABLE ONLY languages
    ADD CONSTRAINT languages_name_key UNIQUE (name);


--
-- Name: languages languages_pkey; Type: CONSTRAINT; Schema: public; Owner: simple
--

ALTER TABLE ONLY languages
    ADD CONSTRAINT languages_pkey PRIMARY KEY (id);


--
-- Name: repositories repositories_id_name; Type: CONSTRAINT; Schema: public; Owner: simple
--

ALTER TABLE ONLY repositories
    ADD CONSTRAINT repositories_id_name UNIQUE (id, name);


--
-- Name: repositories repositories_link_key; Type: CONSTRAINT; Schema: public; Owner: simple
--

ALTER TABLE ONLY repositories
    ADD CONSTRAINT repositories_link_key UNIQUE (link);


--
-- Name: repositories repositories_pkey; Type: CONSTRAINT; Schema: public; Owner: simple
--

ALTER TABLE ONLY repositories
    ADD CONSTRAINT repositories_pkey PRIMARY KEY (id);


--
-- Name: users users_login_key; Type: CONSTRAINT; Schema: public; Owner: simple
--

ALTER TABLE ONLY users
    ADD CONSTRAINT users_login_key UNIQUE (login);


--
-- Name: users users_pkey; Type: CONSTRAINT; Schema: public; Owner: simple
--

ALTER TABLE ONLY users
    ADD CONSTRAINT users_pkey PRIMARY KEY (id);


--
-- Name: lang_repo lang_repo_lang_fkey; Type: FK CONSTRAINT; Schema: public; Owner: simple
--

ALTER TABLE ONLY lang_repo
    ADD CONSTRAINT lang_repo_lang_fkey FOREIGN KEY (lang_id) REFERENCES languages(id) ON UPDATE CASCADE ON DELETE CASCADE;


--
-- Name: lang_repo lang_repo_repo_fkey; Type: FK CONSTRAINT; Schema: public; Owner: simple
--

ALTER TABLE ONLY lang_repo
    ADD CONSTRAINT lang_repo_repo_fkey FOREIGN KEY (repo_id) REFERENCES repositories(id) ON UPDATE CASCADE ON DELETE CASCADE;


--
-- Name: repositories repositories_users_fkey; Type: FK CONSTRAINT; Schema: public; Owner: simple
--

ALTER TABLE ONLY repositories
    ADD CONSTRAINT repositories_users_fkey FOREIGN KEY (owner) REFERENCES users(id) ON UPDATE CASCADE ON DELETE CASCADE;


--
-- PostgreSQL database dump complete
--

